# Blender 5.0.1
# www.blender.org
o Circle.017
v -1.829759 0.377311 -1.425530
v -1.884587 0.070580 -1.796571
v -1.765718 0.661335 -0.803163
v -1.735722 0.715565 -0.607332
v -1.704092 0.764743 -0.382962
v -1.669823 0.797723 -0.138962
v -1.858022 0.224661 -1.612623
v -1.598647 0.807930 -0.050905
v -1.879653 -0.062587 -1.916069
v -1.839403 0.303277 -1.519324
v -1.871001 0.147621 -1.706234
v -1.888976 0.002723 -1.857005
v -1.767554 -0.125838 -1.992436
v -1.525769 -0.087209 -2.014286
v -1.841226 -0.112952 -1.963577
v -1.168653 -0.040704 -2.026778
v -1.835898 0.342584 -1.472354
v -1.878440 0.109100 -1.755287
v -1.686958 0.784167 -0.260962
v -0.397882 -0.021999 -2.078475
v -1.719907 0.744379 -0.495148
v -1.750720 0.690562 -0.705248
v 2.072241 0.377312 -1.640768
v 2.085926 0.070580 -2.015589
v 2.077041 0.661335 -1.015133
v 2.068767 0.715566 -0.817193
v 2.062008 0.764743 -0.590704
v 2.054783 0.797723 -0.344415
v 2.079755 0.224662 -1.829836
v 1.993724 0.807930 -0.249064
v 2.067879 -0.062587 -2.133819
v 2.071511 0.303277 -1.735055
v 2.082359 0.147621 -1.924305
v 2.083643 0.002724 -2.076139
v 1.948062 -0.125837 -2.197393
v 1.705338 -0.087208 -2.192518
v 2.024459 -0.112951 -2.176812
v 1.349015 -0.040704 -2.165654
v 2.073194 0.342584 -1.687984
v 2.084358 0.109101 -1.973878
v 2.058394 0.784167 -0.467560
v 0.466503 -0.021999 -2.126156
v 2.065387 0.744379 -0.703948
v 2.072905 0.690563 -0.916162
v 2.040158 0.804527 -0.282286
v 2.050718 0.801125 -0.313530
v -1.648454 0.804527 -0.078819
v -1.662387 0.801124 -0.108712
v -0.880173 0.817282 -0.090537
v -0.161699 0.835988 -0.130168
v 0.556775 0.835988 -0.169800
v 1.275249 0.817282 -0.209432
v 1.302435 0.813880 -0.241593
v 0.564713 0.832586 -0.200900
v -0.173009 0.832586 -0.160206
v -0.910732 0.813880 -0.119512
v 1.308097 0.810478 -0.272566
v 0.565476 0.829183 -0.231602
v -0.177145 0.829183 -0.190639
v -0.919766 0.810478 -0.149675
v -0.924902 0.807076 -0.180052
v -0.179982 0.825782 -0.221144
v 0.564941 0.825782 -0.262234
v 1.309862 0.807076 -0.303324
v -0.937888 0.793519 -0.302282
v -0.188817 0.812225 -0.343601
v 0.560253 0.812225 -0.384921
v 1.309324 0.793519 -0.426240
v -0.950873 0.774096 -0.424510
v -0.197653 0.792802 -0.466059
v 0.555567 0.792802 -0.507608
v 1.308788 0.774096 -0.549155
v -0.962848 0.753732 -0.536907
v -0.205790 0.772437 -0.578667
v 0.551269 0.772437 -0.620428
v 1.308327 0.753732 -0.662189
v -0.974824 0.724919 -0.649305
v -0.213926 0.743625 -0.691277
v 0.546970 0.743625 -0.733248
v 1.307869 0.724919 -0.775221
v -0.985996 0.699916 -0.747431
v -0.221270 0.718621 -0.789615
v 0.543455 0.718621 -0.831798
v 1.308179 0.699916 -0.873981
v -0.997166 0.670687 -0.845556
v -0.228614 0.689394 -0.887951
v 0.539938 0.689394 -0.930345
v 1.308489 0.670688 -0.972741
v -1.049358 0.386665 -1.468577
v -0.268959 0.405370 -1.511625
v 0.511442 0.405370 -1.554673
v 1.291842 0.386665 -1.597719
v -1.054080 0.351937 -1.515480
v -0.272261 0.370643 -1.558607
v 0.509556 0.370643 -1.601731
v 1.291375 0.351938 -1.644858
v -1.057221 0.322046 -1.562470
v -0.275038 0.340752 -1.605616
v 0.507146 0.340752 -1.648762
v 1.289328 0.322047 -1.691908
v -1.070467 0.252593 -1.656066
v -0.282912 0.271299 -1.699508
v 0.504645 0.271299 -1.742951
v 1.292199 0.252593 -1.786394
v -1.080329 0.187768 -1.749848
v -0.289657 0.206474 -1.793463
v 0.501015 0.206474 -1.837076
v 1.291687 0.187768 -1.880692
v -1.085881 0.153843 -1.799005
v -0.293321 0.172548 -1.842725
v 0.499239 0.172548 -1.886442
v 1.291798 0.153843 -1.930161
v -1.090484 0.120906 -1.840374
v -0.296381 0.139613 -1.884178
v 0.497722 0.139613 -1.927982
v 1.291824 0.120907 -1.971786
v -1.094453 0.067049 -1.900831
v -0.299929 0.085755 -1.944658
v 0.494595 0.085755 -1.988484
v 1.289119 0.067049 -2.032312
v -1.090146 0.017008 -1.959619
v -0.300640 0.035714 -2.003168
v 0.488866 0.035714 -2.046718
v 1.278374 0.017008 -2.090269
v 1.634487 0.807930 -0.229247
v 1.682322 0.797723 -0.323870
v 1.683860 0.784167 -0.446900
v 1.685398 0.764743 -0.569931
v 1.686858 0.744379 -0.683069
v 1.688318 0.715566 -0.796207
v 1.690542 0.690563 -0.895071
v 1.692766 0.661335 -0.993936
v 1.682042 0.377311 -1.619244
v 1.682285 0.342584 -1.666421
v 1.680419 0.312693 -1.713481
v 1.685977 0.243240 -1.808115
v 1.687024 0.178416 -1.902498
v 1.688078 0.144490 -1.952020
v 1.688875 0.111555 -1.993687
v 1.686381 0.057696 -2.054225
v 1.673125 0.007655 -2.112044
v 1.671297 0.804527 -0.261939
v 1.679408 0.801125 -0.293048
v 1.754231 0.807930 -0.235853
v 1.873977 0.807930 -0.242458
v 1.806475 0.797723 -0.330718
v 1.930630 0.797723 -0.337567
v 1.808705 0.784167 -0.453786
v 1.933550 0.784167 -0.460673
v 1.810934 0.764743 -0.576855
v 1.936470 0.764743 -0.583780
v 1.813034 0.744379 -0.690029
v 1.939211 0.744379 -0.696989
v 1.815135 0.715566 -0.803202
v 1.941950 0.715566 -0.810197
v 1.817996 0.690563 -0.902102
v 1.945450 0.690563 -0.909133
v 1.820859 0.661335 -1.001003
v 1.948949 0.661335 -1.008068
v 1.812109 0.377311 -1.626419
v 1.942175 0.377312 -1.633593
v 1.812587 0.342584 -1.673609
v 1.942890 0.342584 -1.680796
v 1.810783 0.303277 -1.720672
v 1.941147 0.303277 -1.727863
v 1.817237 0.224662 -1.815354
v 1.948495 0.224662 -1.822595
v 1.818802 0.147621 -1.909767
v 1.950581 0.147621 -1.917036
v 1.820172 0.109101 -1.959307
v 1.952265 0.109101 -1.966593
v 1.821212 0.077863 -2.001256
v 1.953577 0.070580 -2.008289
v 1.818388 0.017260 -2.069041
v 1.951223 0.002724 -2.068835
v 1.803640 -0.041378 -2.138714
v 1.936295 -0.062587 -2.126561
v 1.917204 0.804527 -0.275504
v 1.794250 0.804527 -0.268722
v 1.926948 0.801125 -0.306703
v 1.803178 0.801125 -0.299875
v -1.279592 0.804527 -0.099166
v -1.291076 0.801124 -0.129193
v -1.239410 0.807930 -0.070721
v -1.297363 0.797723 -0.159508
v -1.312423 0.784167 -0.281622
v -1.327483 0.764743 -0.403736
v -1.341378 0.744379 -0.516027
v -1.355273 0.715565 -0.628318
v -1.368357 0.690562 -0.726339
v -1.381443 0.661335 -0.824360
v -1.439558 0.377311 -1.447053
v -1.444989 0.342584 -1.493918
v -1.448313 0.312693 -1.540898
v -1.464245 0.243240 -1.634345
v -1.475666 0.178415 -1.728041
v -1.482160 0.144489 -1.777146
v -1.487535 0.111555 -1.818472
v -1.491715 0.057696 -1.878918
v -1.484899 0.007655 -1.937844
v -1.402546 0.804527 -0.092384
v -1.525500 0.804527 -0.085601
v -1.414846 0.801124 -0.122366
v -1.538616 0.801124 -0.115539
v -1.478901 0.807930 -0.057511
v -1.359155 0.807930 -0.064115
v -1.545669 0.797723 -0.145811
v -1.421516 0.797723 -0.152659
v -1.562113 0.784167 -0.267848
v -1.437268 0.784167 -0.274735
v -1.578557 0.764743 -0.389887
v -1.453019 0.764743 -0.396812
v -1.593732 0.744379 -0.502107
v -1.467555 0.744379 -0.509069
v -1.608906 0.715565 -0.614328
v -1.482089 0.715565 -0.621323
v -1.623266 0.690562 -0.712278
v -1.495812 0.690562 -0.719309
v -1.637625 0.661335 -0.810228
v -1.509534 0.661335 -0.817294
v -1.699692 0.377311 -1.432704
v -1.569625 0.377311 -1.439878
v -1.705594 0.342584 -1.479542
v -1.575292 0.342584 -1.486730
v -1.709041 0.303277 -1.526515
v -1.578676 0.303277 -1.533706
v -1.726763 0.224661 -1.619863
v -1.595504 0.224661 -1.627105
v -1.739223 0.147621 -1.713503
v -1.607444 0.147621 -1.720773
v -1.746348 0.109100 -1.762575
v -1.614254 0.109100 -1.769860
v -1.752236 0.070580 -1.803871
v -1.619902 0.077862 -1.811440
v -1.756557 0.002723 -1.864310
v -1.624550 0.017260 -1.879125
v -1.748069 -0.062587 -1.923327
v -1.617555 -0.041378 -1.949997
v -1.781454 0.601835 -0.956084
v -1.797463 0.539611 -1.111676
v -1.813474 0.462115 -1.267267
v 2.075862 0.601836 -1.168858
v 2.074662 0.539611 -1.325266
v 2.073462 0.462115 -1.481675
v -1.009990 0.611189 -0.998638
v -1.023039 0.548962 -1.154393
v -1.036086 0.471468 -1.310149
v -0.238528 0.629895 -1.041194
v -0.248614 0.567669 -1.197111
v -0.258700 0.490173 -1.353031
v 0.532936 0.629895 -1.083748
v 0.525812 0.567669 -1.239829
v 0.518687 0.490173 -1.395913
v 1.304398 0.611189 -1.126303
v 1.300237 0.548962 -1.282548
v 1.296075 0.471468 -1.438794
v 1.690130 0.601836 -1.147580
v 1.687449 0.539611 -1.303908
v 1.684769 0.462115 -1.460234
v 1.818707 0.601836 -1.154672
v 1.816519 0.539611 -1.311027
v 1.814333 0.462115 -1.467380
v 1.947285 0.601836 -1.161765
v 1.945591 0.539611 -1.318146
v 1.943898 0.462115 -1.474528
v -1.395723 0.601835 -0.977361
v -1.410251 0.539611 -1.133034
v -1.424780 0.462115 -1.288708
v -1.652876 0.601835 -0.963177
v -1.668393 0.539611 -1.118794
v -1.683910 0.462115 -1.274414
v -1.524299 0.601835 -0.970270
v -1.539322 0.539611 -1.125914
v -1.554345 0.462115 -1.281561
v -1.829759 0.304516 -1.425530
v -1.884587 -0.002217 -1.796571
v -1.765718 0.588539 -0.803163
v -1.735722 0.642770 -0.607332
v -1.704092 0.691947 -0.382962
v -1.669823 0.724927 -0.138962
v -1.858022 0.151865 -1.612623
v -1.598647 0.735133 -0.050905
v -1.879653 -0.135383 -1.916069
v -1.839403 0.230481 -1.519324
v -1.871001 0.074824 -1.706234
v -1.888976 -0.070072 -1.857005
v -1.767554 -0.198633 -1.992436
v -1.525769 -0.160004 -2.014286
v -1.841226 -0.185747 -1.963577
v -1.168653 -0.113501 -2.026778
v -1.835898 0.269788 -1.472354
v -1.878440 0.036304 -1.755287
v -1.686958 0.711370 -0.260962
v -0.397882 -0.094795 -2.078475
v -1.719907 0.671582 -0.495148
v -1.750720 0.617767 -0.705248
v 2.072241 0.304516 -1.640768
v 2.085926 -0.002216 -2.015589
v 2.077041 0.588539 -1.015133
v 2.068767 0.642770 -0.817193
v 2.062008 0.691947 -0.590704
v 2.054783 0.724927 -0.344415
v 2.079755 0.151865 -1.829836
v 1.993724 0.735133 -0.249064
v 2.067879 -0.135383 -2.133819
v 2.071511 0.230481 -1.735055
v 2.082359 0.074825 -1.924305
v 2.083643 -0.070072 -2.076139
v 1.948062 -0.198633 -2.197393
v 1.705338 -0.160004 -2.192518
v 2.024459 -0.185747 -2.176812
v 1.349015 -0.113501 -2.165654
v 2.073194 0.269789 -1.687984
v 2.084358 0.036304 -1.973878
v 2.058394 0.711370 -0.467560
v 0.466503 -0.094795 -2.126156
v 2.065387 0.671583 -0.703948
v 2.072905 0.617767 -0.916162
v 2.040158 0.731731 -0.282286
v 2.050718 0.728329 -0.313530
v -1.648454 0.731731 -0.078819
v -1.662387 0.728329 -0.108712
v -0.880173 0.744486 -0.090537
v -0.161699 0.763192 -0.130168
v 0.556775 0.763192 -0.169800
v 1.275249 0.744486 -0.209432
v 1.634487 0.735133 -0.229247
v 1.754231 0.735133 -0.235853
v 1.873977 0.735133 -0.242458
v -1.239410 0.735133 -0.070721
v -1.478901 0.735133 -0.057511
v -1.359155 0.735133 -0.064115
v -1.781454 0.529040 -0.956084
v -1.797463 0.466814 -1.111676
v -1.813474 0.389318 -1.267267
v 2.075862 0.529040 -1.168858
v 2.074662 0.466814 -1.325266
v 2.073462 0.389318 -1.481675
v -1.830080 0.377478 -1.425529
v -1.884909 0.070747 -1.796570
v -1.766039 0.661502 -0.803162
v -1.736043 0.715732 -0.607333
v -1.704414 0.764910 -0.382962
v -1.670144 0.797890 -0.138962
v -1.858343 0.224827 -1.612623
v -1.598969 0.808096 -0.050904
v -1.879974 -0.062420 -1.916068
v -1.839725 0.303444 -1.519324
v -1.871322 0.147788 -1.706233
v -1.889298 0.002891 -1.857004
v -1.767875 -0.125670 -1.992436
v -1.526088 -0.087041 -2.014285
v -1.841546 -0.112784 -1.963575
v -1.168973 -0.040538 -2.026777
v -1.836219 0.342752 -1.472354
v -1.878761 0.109266 -1.755286
v -1.687279 0.784333 -0.260961
v -0.398202 -0.021832 -2.078475
v -1.720229 0.744546 -0.495148
v -1.751041 0.690730 -0.705247
v 2.071920 0.377478 -1.640767
v 2.085606 0.070747 -2.015588
v 2.076720 0.661502 -1.015133
v 2.068446 0.715733 -0.817191
v 2.061686 0.764910 -0.590704
v 2.054461 0.797890 -0.344415
v 2.079433 0.224828 -1.829835
v 1.993401 0.808096 -0.249063
v 2.067558 -0.062420 -2.133818
v 2.071190 0.303444 -1.735054
v 2.082039 0.147788 -1.924305
v 2.083323 0.002891 -2.076138
v 1.947740 -0.125670 -2.197393
v 1.705017 -0.087041 -2.192515
v 2.024138 -0.112784 -2.176810
v 1.348695 -0.040538 -2.165655
v 2.072872 0.342752 -1.687983
v 2.084038 0.109267 -1.973879
v 2.058073 0.784333 -0.467559
v 0.466183 -0.021832 -2.126154
v 2.065066 0.744546 -0.703948
v 2.072583 0.690730 -0.916162
v 2.039837 0.804694 -0.282287
v 2.050397 0.801292 -0.313529
v -1.648773 0.804694 -0.078818
v -1.662708 0.801292 -0.108711
v -0.880494 0.817448 -0.090536
v -0.162020 0.836155 -0.130168
v 0.556453 0.836155 -0.169800
v 1.274928 0.817448 -0.209431
v 1.302114 0.814047 -0.241593
v 0.564391 0.832753 -0.200899
v -0.173330 0.832753 -0.160205
v -0.911052 0.814047 -0.119511
v 1.307776 0.810645 -0.272565
v 0.565155 0.829350 -0.231602
v -0.177466 0.829350 -0.190639
v -0.920088 0.810645 -0.149674
v -0.925223 0.807243 -0.180052
v -0.180302 0.825948 -0.221143
v 0.564619 0.825948 -0.262233
v 1.309540 0.807243 -0.303324
v -0.938209 0.793686 -0.302280
v -0.189138 0.812392 -0.343600
v 0.559933 0.812392 -0.384921
v 1.309003 0.793686 -0.426239
v -0.951195 0.774263 -0.424510
v -0.197974 0.792969 -0.466059
v 0.555246 0.792969 -0.507607
v 1.308466 0.774263 -0.549155
v -0.963170 0.753898 -0.536907
v -0.206110 0.772604 -0.578668
v 0.550948 0.772604 -0.620427
v 1.308007 0.753899 -0.662188
v -0.975146 0.725086 -0.649305
v -0.214247 0.743791 -0.691276
v 0.546650 0.743791 -0.733248
v 1.307548 0.725086 -0.775220
v -0.986316 0.700082 -0.747430
v -0.221591 0.718788 -0.789613
v 0.543133 0.718788 -0.831796
v 1.307858 0.700082 -0.873980
v -0.997487 0.670854 -0.845556
v -0.228936 0.689561 -0.887950
v 0.539617 0.689561 -0.930344
v 1.308169 0.670854 -0.972739
v -1.049680 0.386832 -1.468577
v -0.269280 0.405536 -1.511624
v 0.511121 0.405536 -1.554672
v 1.291520 0.386832 -1.597719
v -1.054401 0.352105 -1.515479
v -0.272583 0.370811 -1.558605
v 0.509236 0.370811 -1.601732
v 1.291054 0.352105 -1.644857
v -1.057542 0.322214 -1.562470
v -0.275359 0.340919 -1.605616
v 0.506824 0.340919 -1.648762
v 1.289008 0.322214 -1.691907
v -1.070788 0.252760 -1.656066
v -0.283232 0.271465 -1.699508
v 0.504323 0.271466 -1.742951
v 1.291879 0.252760 -1.786392
v -1.080650 0.187935 -1.749848
v -0.289978 0.206640 -1.793463
v 0.500695 0.206640 -1.837076
v 1.291366 0.187935 -1.880691
v -1.086201 0.154009 -1.799005
v -0.293641 0.172715 -1.842723
v 0.498918 0.172715 -1.886443
v 1.291478 0.154010 -1.930161
v -1.090806 0.121073 -1.840373
v -0.296703 0.139780 -1.884177
v 0.497401 0.139780 -1.927981
v 1.291503 0.121073 -1.971784
v -1.094775 0.067216 -1.900831
v -0.300250 0.085921 -1.944657
v 0.494273 0.085921 -1.988484
v 1.288798 0.067216 -2.032311
v -1.090468 0.017174 -1.959619
v -0.300961 0.035881 -2.003169
v 0.488545 0.035881 -2.046718
v 1.278052 0.017175 -2.090268
v 1.634165 0.808096 -0.229247
v 1.682001 0.797890 -0.323870
v 1.683538 0.784333 -0.446899
v 1.685077 0.764910 -0.569931
v 1.686537 0.744546 -0.683068
v 1.687997 0.715732 -0.796206
v 1.690221 0.690730 -0.895072
v 1.692446 0.661502 -0.993937
v 1.681721 0.377478 -1.619244
v 1.681964 0.342752 -1.666421
v 1.680098 0.312861 -1.713480
v 1.685656 0.243407 -1.808114
v 1.686702 0.178581 -1.902498
v 1.687757 0.144657 -1.952019
v 1.688554 0.111721 -1.993686
v 1.686060 0.057863 -2.054225
v 1.672805 0.007822 -2.112044
v 1.670976 0.804694 -0.261939
v 1.679087 0.801292 -0.293047
v 1.753910 0.808096 -0.235853
v 1.873657 0.808096 -0.242458
v 1.806154 0.797890 -0.330718
v 1.930308 0.797890 -0.337567
v 1.808384 0.784333 -0.453786
v 1.933228 0.784333 -0.460673
v 1.810613 0.764910 -0.576854
v 1.936150 0.764910 -0.583779
v 1.812713 0.744546 -0.690029
v 1.938890 0.744546 -0.696988
v 1.814814 0.715732 -0.803201
v 1.941628 0.715732 -0.810197
v 1.817675 0.690730 -0.902101
v 1.945129 0.690730 -0.909132
v 1.820537 0.661502 -1.001003
v 1.948628 0.661502 -1.008068
v 1.811787 0.377478 -1.626419
v 1.941854 0.377478 -1.633592
v 1.812266 0.342752 -1.673609
v 1.942569 0.342752 -1.680796
v 1.810463 0.303444 -1.720672
v 1.940827 0.303444 -1.727864
v 1.816915 0.224828 -1.815354
v 1.948174 0.224828 -1.822596
v 1.818481 0.147788 -1.909766
v 1.950259 0.147788 -1.917036
v 1.819851 0.109267 -1.959305
v 1.951943 0.109267 -1.966593
v 1.820891 0.078028 -2.001256
v 1.953256 0.070747 -2.008288
v 1.818068 0.017426 -2.069042
v 1.950901 0.002891 -2.068834
v 1.803318 -0.041212 -2.138714
v 1.935974 -0.062420 -2.126560
v 1.916884 0.804694 -0.275504
v 1.793930 0.804694 -0.268722
v 1.926627 0.801292 -0.306701
v 1.802857 0.801292 -0.299874
v -1.279913 0.804694 -0.099165
v -1.291397 0.801292 -0.129193
v -1.239730 0.808096 -0.070720
v -1.297683 0.797890 -0.159508
v -1.312744 0.784333 -0.281621
v -1.327805 0.764910 -0.403736
v -1.341699 0.744546 -0.516028
v -1.355595 0.715732 -0.628318
v -1.368679 0.690730 -0.726339
v -1.381764 0.661502 -0.824360
v -1.439880 0.377478 -1.447052
v -1.445310 0.342752 -1.493917
v -1.448634 0.312861 -1.540896
v -1.464565 0.243406 -1.634345
v -1.475986 0.178581 -1.728041
v -1.482482 0.144657 -1.777146
v -1.487857 0.111721 -1.818471
v -1.492036 0.057862 -1.878917
v -1.485221 0.007822 -1.937844
v -1.402867 0.804694 -0.092383
v -1.525821 0.804694 -0.085601
v -1.415168 0.801292 -0.122366
v -1.538938 0.801292 -0.115538
v -1.479222 0.808096 -0.057511
v -1.359477 0.808096 -0.064115
v -1.545991 0.797890 -0.145811
v -1.421837 0.797890 -0.152659
v -1.562434 0.784333 -0.267848
v -1.437589 0.784333 -0.274735
v -1.578878 0.764910 -0.389886
v -1.453341 0.764910 -0.396812
v -1.594053 0.744546 -0.502107
v -1.467875 0.744546 -0.509068
v -1.609226 0.715732 -0.614327
v -1.482411 0.715732 -0.621323
v -1.623587 0.690730 -0.712278
v -1.496133 0.690730 -0.719308
v -1.637947 0.661502 -0.810228
v -1.509856 0.661502 -0.817294
v -1.700014 0.377478 -1.432703
v -1.569947 0.377478 -1.439878
v -1.705916 0.342752 -1.479542
v -1.575613 0.342752 -1.486730
v -1.709360 0.303444 -1.526514
v -1.578997 0.303444 -1.533705
v -1.727085 0.224827 -1.619863
v -1.595826 0.224827 -1.627105
v -1.739543 0.147788 -1.713503
v -1.607765 0.147788 -1.720771
v -1.746668 0.109266 -1.762573
v -1.614575 0.109266 -1.769860
v -1.752558 0.070747 -1.803870
v -1.620223 0.078028 -1.811440
v -1.756877 0.002891 -1.864309
v -1.624872 0.017426 -1.879125
v -1.748390 -0.062420 -1.923327
v -1.617877 -0.041212 -1.949997
v -1.781775 0.602003 -0.956083
v -1.797785 0.539777 -1.111675
v -1.813795 0.462281 -1.267266
v 2.075541 0.602003 -1.168857
v 2.074342 0.539777 -1.325265
v 2.073141 0.462282 -1.481674
v -1.010312 0.611356 -0.998638
v -1.023359 0.549130 -1.154393
v -1.036407 0.471634 -1.310148
v -0.238849 0.630061 -1.041193
v -0.248934 0.567836 -1.197111
v -0.259021 0.490340 -1.353029
v 0.532615 0.630061 -1.083748
v 0.525491 0.567836 -1.239829
v 0.518367 0.490340 -1.395911
v 1.304077 0.611356 -1.126302
v 1.299916 0.549130 -1.282548
v 1.295754 0.471634 -1.438793
v 1.689809 0.602003 -1.147579
v 1.687129 0.539777 -1.303906
v 1.684448 0.462282 -1.460234
v 1.818387 0.602003 -1.154673
v 1.816200 0.539777 -1.311026
v 1.814012 0.462282 -1.467381
v 1.946964 0.602003 -1.161765
v 1.945270 0.539777 -1.318146
v 1.943576 0.462282 -1.474528
v -1.396042 0.602003 -0.977360
v -1.410571 0.539777 -1.133034
v -1.425102 0.462281 -1.288707
v -1.653197 0.602003 -0.963175
v -1.668713 0.539777 -1.118794
v -1.684231 0.462281 -1.274413
v -1.524620 0.602003 -0.970268
v -1.539643 0.539777 -1.125914
v -1.554665 0.462281 -1.281561
v -1.830080 0.304681 -1.425529
v -1.884909 -0.002049 -1.796570
v -1.766039 0.588706 -0.803162
v -1.736043 0.642936 -0.607333
v -1.704414 0.692114 -0.382962
v -1.670144 0.725094 -0.138962
v -1.858343 0.152032 -1.612623
v -1.598969 0.735300 -0.050904
v -1.879974 -0.135216 -1.916068
v -1.839725 0.230648 -1.519324
v -1.871322 0.074990 -1.706233
v -1.889298 -0.069906 -1.857004
v -1.767875 -0.198466 -1.992436
v -1.526088 -0.159838 -2.014285
v -1.841546 -0.185580 -1.963575
v -1.168973 -0.113334 -2.026777
v -1.836219 0.269956 -1.472354
v -1.878761 0.036471 -1.755286
v -1.687279 0.711537 -0.260961
v -0.398203 -0.094629 -2.078474
v -1.720229 0.671749 -0.495148
v -1.751041 0.617933 -0.705247
v 2.071920 0.304682 -1.640767
v 2.085606 -0.002049 -2.015588
v 2.076720 0.588706 -1.015133
v 2.068446 0.642936 -0.817191
v 2.061686 0.692114 -0.590704
v 2.054461 0.725094 -0.344415
v 2.079433 0.152032 -1.829835
v 1.993401 0.735300 -0.249063
v 2.067558 -0.135216 -2.133818
v 2.071190 0.230648 -1.735054
v 2.082039 0.074991 -1.924305
v 2.083323 -0.069905 -2.076138
v 1.947740 -0.198466 -2.197393
v 1.705017 -0.159838 -2.192515
v 2.024138 -0.185580 -2.176810
v 1.348695 -0.113334 -2.165655
v 2.072872 0.269956 -1.687983
v 2.084038 0.036471 -1.973879
v 2.058073 0.711537 -0.467559
v 0.466183 -0.094629 -2.126154
v 2.065066 0.671749 -0.703948
v 2.072583 0.617933 -0.916162
v 2.039837 0.731898 -0.282287
v 2.050397 0.728496 -0.313529
v -1.648773 0.731898 -0.078818
v -1.662708 0.728495 -0.108711
v -0.880494 0.744653 -0.090536
v -0.162020 0.763359 -0.130168
v 0.556453 0.763359 -0.169800
v 1.274928 0.744653 -0.209431
v 1.634165 0.735300 -0.229247
v 1.753910 0.735300 -0.235853
v 1.873657 0.735300 -0.242458
v -1.239730 0.735300 -0.070720
v -1.479222 0.735300 -0.057511
v -1.359477 0.735300 -0.064115
v -1.781775 0.529206 -0.956083
v -1.797785 0.466981 -1.111675
v -1.813795 0.389485 -1.267266
v 2.075541 0.529206 -1.168857
v 2.074342 0.466981 -1.325265
v 2.073141 0.389485 -1.481674
vn 0.1801 -0.6893 -0.7017
vn 0.0061 -0.9939 0.1103
vn -0.0367 -0.7451 -0.6659
vn 0.5733 -0.6696 -0.4721
vn 0.6994 -0.6935 -0.1730
vn 0.0061 -0.9939 0.1099
vn -0.7142 -0.6935 -0.0951
vn 0.0073 -0.9911 0.1329
vn -0.7168 -0.6971 0.0167
vn 0.0092 -0.9860 0.1667
vn -0.7003 -0.7098 0.0754
vn 0.0117 -0.9771 0.2122
vn -0.7028 -0.7045 0.0985
vn 0.0136 -0.9691 0.2462
vn -0.6969 -0.7046 0.1334
vn 0.0146 -0.9642 0.2647
vn -0.7038 -0.6941 0.1514
vn 0.0178 -0.9464 0.3225
vn -0.7008 -0.6947 0.1618
vn 0.0201 -0.9307 0.3651
vn -0.6994 -0.6809 0.2175
vn 0.0340 -0.7866 0.6165
vn -0.6779 -0.6214 0.3928
vn 0.0294 -0.8458 0.5327
vn 0.0353 -0.7677 0.6398
vn -0.6941 -0.5678 0.4426
vn 0.0351 -0.7709 0.6360
vn -0.6831 -0.5605 0.4682
vn 0.0344 -0.7813 0.6232
vn -0.7155 -0.5636 0.4128
vn 0.0295 -0.7704 0.6369
vn -0.7031 -0.5671 0.4291
vn 0.0129 -0.7189 0.6950
vn -0.6940 -0.5617 0.4505
vn -0.0181 -0.6847 0.7286
vn -0.6933 -0.5116 0.5076
vn -0.5995 -0.3884 0.6998
vn -0.0731 -0.7115 0.6989
vn 0.1281 -0.7287 0.6728
vn 0.0539 -0.7529 0.6559
vn 0.1414 -0.7464 0.6504
vn 0.0586 -0.7716 0.6334
vn 0.0452 -0.7534 0.6560
vn 0.0240 -0.7830 0.6216
vn 0.0414 -0.7861 0.6167
vn 0.0122 -0.7685 0.6398
vn 0.0272 -0.7534 0.6570
vn 0.1434 -0.7672 0.6252
vn 0.0534 -0.7660 0.6406
vn 0.0264 -0.7660 0.6423
vn 0.0444 -0.7660 0.6413
vn 0.0174 -0.7660 0.6426
vn 0.1428 -0.8012 0.5811
vn 0.0516 -0.8048 0.5912
vn 0.0232 -0.8046 0.5933
vn 0.0422 -0.8046 0.5923
vn 0.0137 -0.8048 0.5933
vn 0.1270 -0.8129 0.5684
vn 0.0506 -0.8243 0.5638
vn 0.0409 -0.8241 0.5650
vn 0.0117 -0.8243 0.5660
vn 0.0215 -0.8241 0.5661
vn 0.0995 -0.8044 0.5857
vn 0.0512 -0.8149 0.5774
vn 0.0223 -0.8144 0.5798
vn 0.0416 -0.8147 0.5784
vn 0.0126 -0.8149 0.5795
vn 0.0689 -0.8119 0.5797
vn 0.0507 -0.8253 0.5624
vn 0.0409 -0.8252 0.5634
vn 0.0114 -0.8253 0.5646
vn 0.0213 -0.8252 0.5645
vn 0.0488 -0.8156 0.5766
vn 0.0508 -0.8252 0.5626
vn 0.0410 -0.8250 0.5637
vn 0.0114 -0.8252 0.5648
vn 0.0212 -0.8250 0.5648
vn 0.0395 -0.8458 0.5321
vn 0.0496 -0.8459 0.5310
vn 0.0395 -0.8459 0.5318
vn 0.0091 -0.8459 0.5332
vn 0.0193 -0.8459 0.5329
vn 0.0426 -0.9307 0.3632
vn 0.0291 -0.9465 0.3214
vn 0.0314 -0.9308 0.3641
vn 0.0314 -0.9307 0.3643
vn 0.0407 -0.9464 0.3203
vn 0.0089 -0.9307 0.3656
vn 0.0293 -0.9464 0.3216
vn -0.0052 -0.9464 0.3228
vn 0.0063 -0.9465 0.3226
vn 0.0263 -0.9644 0.2632
vn 0.0380 -0.9643 0.2620
vn 0.0264 -0.9642 0.2637
vn -0.0090 -0.9643 0.2646
vn 0.0028 -0.9642 0.2650
vn 0.0254 -0.9693 0.2447
vn 0.0373 -0.9692 0.2436
vn 0.0017 -0.9691 0.2466
vn 0.0255 -0.9691 0.2453
vn -0.0102 -0.9692 0.2462
vn 0.0237 -0.9772 0.2109
vn 0.0357 -0.9771 0.2097
vn 0.0238 -0.9771 0.2113
vn -0.0124 -0.9771 0.2123
vn -0.0003 -0.9772 0.2123
vn 0.0213 -0.9860 0.1652
vn 0.0335 -0.9859 0.1641
vn -0.0031 -0.9859 0.1671
vn 0.0214 -0.9859 0.1657
vn -0.0153 -0.9859 0.1667
vn 0.0196 -0.9911 0.1314
vn 0.0319 -0.9910 0.1302
vn 0.0197 -0.9911 0.1319
vn -0.0174 -0.9910 0.1329
vn -0.0050 -0.9911 0.1330
vn 0.0181 -0.9940 0.1080
vn 0.0308 -0.9938 0.1065
vn -0.0065 -0.9939 0.1103
vn 0.0186 -0.9939 0.1089
vn -0.0189 -0.9938 0.1096
vn 0.0178 -0.9941 0.1070
vn 0.0308 -0.9940 0.1045
vn -0.0067 -0.9939 0.1097
vn 0.0187 -0.9940 0.1081
vn -0.0191 -0.9940 0.1072
vn -0.0044 -0.9944 0.1055
vn -0.0059 -0.9941 0.1083
vn -0.0201 -0.9951 0.0966
vn 0.0193 -0.9944 0.1039
vn 0.0306 -0.9951 0.0938
vn -0.0521 -0.7348 -0.6763
vn -0.0560 -0.7384 -0.6720
vn -0.0078 -0.9944 0.1054
vn -0.0290 -0.7457 -0.6657
vn -0.0444 -0.7456 -0.6649
vn -0.0182 -0.7384 -0.6741
vn 0.0409 -0.4545 0.8898
vn 0.0299 -0.4179 0.9080
vn 0.0618 -0.4563 0.8877
vn -0.0533 -0.7287 0.6828
vn 0.0185 -0.7529 0.6579
vn -0.0737 -0.7672 0.6372
vn -0.0780 -0.8012 0.5933
vn -0.0637 -0.8129 0.5789
vn -0.0345 -0.8044 0.5931
vn -0.0047 -0.8119 0.5837
vn 0.0149 -0.8156 0.5785
vn 0.0192 -0.8458 0.5332
vn -0.0024 -0.9307 0.3657
vn 0.0064 -0.9465 0.3227
vn 0.0028 -0.9644 0.2645
vn 0.0016 -0.9693 0.2460
vn -0.0003 -0.9772 0.2122
vn -0.0030 -0.9860 0.1666
vn -0.0050 -0.9911 0.1328
vn -0.0061 -0.9940 0.1093
vn -0.6218 -0.6696 -0.4062
vn -0.2562 -0.6893 -0.6776
vn -0.1148 -0.7185 0.6859
vn -0.0690 -0.7464 0.6620
vn -0.1164 -0.6969 0.7077
vn -0.0849 -0.7499 0.6560
vn -0.0731 -0.7880 0.6113
vn -0.0560 -0.7923 0.6076
vn -0.0252 -0.7830 0.6215
vn 0.0043 -0.7832 0.6218
vn 0.0260 -0.7962 0.6045
vn 0.0089 -0.9308 0.3654
vn -0.3753 -0.3190 0.8703
vn -0.1341 -0.3550 0.9252
vn -0.0065 -0.3707 0.9287
vn 0.0708 -0.4193 0.9051
vn 0.0407 -0.7962 0.6037
vn 0.0641 -0.7832 0.6185
vn 0.0934 -0.7830 0.6150
vn 0.1225 -0.7923 0.5978
vn 0.1399 -0.7880 0.5996
vn 0.1566 -0.7499 0.6428
vn 0.1896 -0.7185 0.6692
vn 0.1935 -0.6969 0.6906
vn 0.0160 -0.9944 0.1044
vn -0.0226 -0.7348 -0.6779
vn 0.6728 -0.3884 0.6296
vn 0.0981 -0.6847 0.7222
vn 0.7426 -0.4534 0.4929
vn 0.1495 -0.7115 0.6866
vn 0.7449 -0.5116 0.4282
vn 0.0637 -0.7189 0.6922
vn 0.7393 -0.5617 0.3714
vn 0.0408 -0.7703 0.6363
vn 0.7460 -0.5671 0.3491
vn 0.7566 -0.5636 0.3315
vn 0.7304 -0.5605 0.3902
vn 0.7385 -0.5678 0.3636
vn 0.7170 -0.6214 0.3158
vn 0.7190 -0.6809 0.1393
vn 0.7229 -0.6649 0.1880
vn 0.7144 -0.6947 0.0838
vn 0.7162 -0.6941 0.0731
vn 0.7074 -0.7046 0.0559
vn 0.7094 -0.7045 0.0206
vn 0.7044 -0.7098 -0.0021
vn 0.7142 -0.6971 -0.0623
vn 0.4687 -0.3190 0.8237
vn 0.2351 -0.3550 0.9049
vn 0.1086 -0.3707 0.9224
vn 0.0252 -0.8891 0.4569
vn 0.0224 -0.9132 0.4069
vn 0.7260 -0.6385 0.2556
vn 0.7177 -0.6598 0.2227
vn 0.0358 -0.8892 0.4561
vn 0.0334 -0.9132 0.4060
vn 0.0145 -0.8892 0.4572
vn 0.0115 -0.9132 0.4073
vn 0.0038 -0.8892 0.4575
vn 0.0004 -0.9132 0.4075
vn 0.0145 -0.8892 0.4574
vn 0.0114 -0.9132 0.4073
vn 0.0359 -0.8892 0.4562
vn 0.0334 -0.9132 0.4061
vn 0.0465 -0.8892 0.4552
vn 0.0444 -0.9132 0.4051
vn -0.6935 -0.6385 0.3339
vn -0.6888 -0.6598 0.3003
vn -0.6979 -0.6649 0.2664
vn -0.7058 0.6862 -0.1759
vn 0.6191 -0.6517 0.4383
vn 0.5450 -0.8105 0.2148
vn -0.1681 -0.9792 0.1140
vn 0.5159 -0.5414 0.6639
vn 0.5493 -0.7950 0.2572
vn 0.0255 0.9982 -0.0538
vn 0.1690 -0.9856 0.0034
vn 0.5825 -0.6604 0.4739
vn 0.5629 -0.7735 0.2914
vn -0.4007 0.9020 0.1609
vn 0.5931 -0.6609 0.4598
vn -0.5463 0.7900 -0.2783
vn -0.5601 0.6923 -0.4550
vn 0.6063 -0.5763 0.5480
vn -0.5346 0.7879 -0.3057
vn -0.5425 0.6485 -0.5340
vn 0.2580 -0.5750 0.7764
vn -0.5469 0.7647 -0.3407
vn 0.0250 -0.9989 0.0392
vn -0.0005 0.9987 -0.0505
vn -0.0626 -0.9958 0.0673
vn -0.5335 0.8353 -0.1330
vn -0.0036 0.9986 -0.0521
vn 0.3947 -0.9188 -0.0077
vn -0.0296 0.9984 -0.0474
vn -0.5221 0.8382 -0.1575
vn 0.0160 -0.9392 0.3429
vn -0.0060 0.9987 -0.0510
vn -0.5174 0.8247 -0.2283
vn 0.5977 -0.7056 0.3807
vn 0.0200 0.9982 -0.0559
vn 0.0453 -0.9979 0.0465
vn 0.5966 -0.6673 0.4458
vn -0.0145 0.8397 -0.5429
vn 0.4992 -0.8665 0.0061
vn -0.0041 0.9987 -0.0512
vn -0.4454 0.7755 -0.4475
vn 0.5297 -0.8453 0.0692
vn -0.0067 0.9988 -0.0478
vn -0.0221 0.9987 -0.0467
vn 0.9287 -0.2951 0.2246
vn 0.5380 -0.8324 0.1330
vn 0.3245 -0.9459 -0.0055
vn -0.5615 0.6156 -0.5529
vn -0.5447 0.7469 -0.3813
vn -0.5243 0.8149 -0.2470
vn -0.5282 0.8259 -0.1973
vn -0.5241 0.8418 -0.1292
vn -0.5277 0.8224 -0.2128
vn 0.6131 -0.6402 0.4628
vn -0.5274 0.6368 -0.5624
vn 0.5631 -0.7560 0.3339
vn -0.6643 0.5693 -0.4844
vn -0.6839 -0.4534 0.5716
vn 0.5432 -0.8269 0.1456
vn -0.5788 0.6456 -0.4982
vn 0.5400 -0.8350 0.1062
vn -0.5539 0.6325 -0.5414
vn 0.5295 -0.8474 0.0394
vn -0.6017 0.5606 -0.5689
vn 0.4650 -0.8840 -0.0483
vn -0.0061 0.9939 -0.1103
vn -0.1801 0.6893 0.7017
vn 0.0367 0.7451 0.6659
vn -0.5733 0.6696 0.4721
vn -0.0061 0.9939 -0.1099
vn 0.7142 0.6935 0.0951
vn 0.7167 0.6971 -0.0167
vn -0.0073 0.9911 -0.1329
vn 0.7003 0.7098 -0.0754
vn -0.0092 0.9860 -0.1667
vn 0.7028 0.7045 -0.0985
vn -0.0117 0.9771 -0.2122
vn 0.6969 0.7046 -0.1334
vn -0.0136 0.9691 -0.2462
vn 0.7038 0.6941 -0.1514
vn -0.0146 0.9642 -0.2647
vn 0.7008 0.6947 -0.1618
vn -0.0178 0.9464 -0.3225
vn 0.6994 0.6809 -0.2175
vn -0.0201 0.9307 -0.3651
vn 0.6979 0.6649 -0.2664
vn -0.0340 0.7866 -0.6165
vn 0.6779 0.6214 -0.3928
vn 0.6941 0.5678 -0.4426
vn -0.0353 0.7677 -0.6398
vn 0.6831 0.5605 -0.4682
vn -0.0351 0.7709 -0.6360
vn 0.7155 0.5636 -0.4128
vn -0.0344 0.7813 -0.6232
vn 0.7031 0.5671 -0.4291
vn -0.0295 0.7704 -0.6369
vn 0.6940 0.5617 -0.4505
vn -0.0129 0.7189 -0.6950
vn 0.6933 0.5116 -0.5076
vn 0.0181 0.6847 -0.7286
vn 0.6839 0.4534 -0.5716
vn 0.5995 0.3884 -0.6998
vn 0.0731 0.7115 -0.6989
vn -0.1281 0.7287 -0.6728
vn -0.0539 0.7529 -0.6559
vn -0.0586 0.7716 -0.6334
vn -0.0452 0.7534 -0.6560
vn -0.0414 0.7861 -0.6168
vn -0.0272 0.7534 -0.6570
vn -0.0240 0.7830 -0.6216
vn -0.0122 0.7685 -0.6398
vn -0.1434 0.7672 -0.6252
vn -0.1414 0.7464 -0.6503
vn -0.0534 0.7660 -0.6406
vn -0.0264 0.7660 -0.6423
vn -0.0174 0.7660 -0.6426
vn -0.0185 0.7529 -0.6579
vn -0.1428 0.8012 -0.5811
vn -0.0516 0.8048 -0.5913
vn -0.0444 0.7660 -0.6413
vn -0.0422 0.8046 -0.5923
vn -0.0137 0.8048 -0.5933
vn -0.1270 0.8129 -0.5684
vn -0.0506 0.8243 -0.5638
vn -0.0409 0.8241 -0.5650
vn -0.0232 0.8046 -0.5933
vn -0.0117 0.8243 -0.5660
vn -0.0995 0.8044 -0.5857
vn -0.0512 0.8149 -0.5774
vn -0.0417 0.8144 -0.5788
vn -0.0215 0.8241 -0.5661
vn -0.0126 0.8149 -0.5795
vn -0.0689 0.8119 -0.5797
vn -0.0507 0.8253 -0.5624
vn -0.0213 0.8252 -0.5645
vn -0.0223 0.8144 -0.5798
vn -0.0114 0.8253 -0.5646
vn -0.0488 0.8156 -0.5766
vn -0.0508 0.8252 -0.5626
vn -0.0409 0.8252 -0.5634
vn -0.0410 0.8250 -0.5637
vn -0.0114 0.8252 -0.5648
vn -0.0395 0.8458 -0.5321
vn -0.0496 0.8459 -0.5310
vn -0.0395 0.8459 -0.5318
vn -0.0212 0.8250 -0.5648
vn -0.0091 0.8459 -0.5332
vn -0.0291 0.9465 -0.3214
vn -0.0426 0.9307 -0.3632
vn -0.0314 0.9308 -0.3641
vn -0.0407 0.9464 -0.3203
vn -0.0314 0.9307 -0.3643
vn -0.0293 0.9464 -0.3216
vn -0.0089 0.9307 -0.3656
vn 0.0052 0.9464 -0.3228
vn 0.0024 0.9307 -0.3657
vn -0.0263 0.9644 -0.2632
vn -0.0380 0.9643 -0.2620
vn -0.0264 0.9642 -0.2637
vn -0.0063 0.9465 -0.3226
vn 0.0090 0.9643 -0.2646
vn -0.0254 0.9693 -0.2447
vn -0.0373 0.9692 -0.2436
vn -0.0255 0.9691 -0.2453
vn -0.0028 0.9642 -0.2650
vn 0.0102 0.9692 -0.2462
vn -0.0237 0.9772 -0.2109
vn -0.0357 0.9771 -0.2097
vn 0.0004 0.9771 -0.2126
vn -0.0017 0.9691 -0.2466
vn 0.0124 0.9771 -0.2123
vn -0.0213 0.9860 -0.1652
vn -0.0335 0.9859 -0.1641
vn -0.0237 0.9772 -0.2110
vn 0.0031 0.9859 -0.1671
vn 0.0153 0.9859 -0.1667
vn -0.0196 0.9911 -0.1314
vn -0.0319 0.9910 -0.1302
vn -0.0214 0.9859 -0.1657
vn 0.0051 0.9911 -0.1333
vn 0.0174 0.9910 -0.1329
vn -0.0181 0.9940 -0.1080
vn -0.0308 0.9938 -0.1065
vn -0.0197 0.9911 -0.1319
vn 0.0065 0.9939 -0.1103
vn 0.0189 0.9938 -0.1093
vn -0.0178 0.9941 -0.1070
vn -0.0308 0.9940 -0.1045
vn -0.0185 0.9939 -0.1086
vn 0.0067 0.9940 -0.1094
vn 0.0191 0.9940 -0.1072
vn 0.0044 0.9944 -0.1056
vn 0.0059 0.9941 -0.1083
vn 0.0201 0.9951 -0.0966
vn -0.0193 0.9944 -0.1039
vn 0.0078 0.9944 -0.1054
vn -0.0187 0.9940 -0.1082
vn -0.0306 0.9951 -0.0938
vn 0.0521 0.7347 0.6764
vn 0.0560 0.7384 0.6720
vn 0.0444 0.7457 0.6648
vn 0.0290 0.7456 0.6657
vn 0.0182 0.7385 0.6740
vn -0.0409 0.4544 -0.8898
vn -0.0299 0.4179 -0.9080
vn 0.0533 0.7287 -0.6828
vn 0.0738 0.7671 -0.6372
vn 0.0690 0.7464 -0.6619
vn 0.0781 0.8011 -0.5934
vn 0.0637 0.8129 -0.5789
vn 0.0345 0.8044 -0.5931
vn 0.0047 0.8119 -0.5837
vn -0.0149 0.8156 -0.5785
vn -0.0192 0.8458 -0.5332
vn -0.0064 0.9465 -0.3227
vn -0.0089 0.9308 -0.3654
vn -0.0028 0.9644 -0.2645
vn -0.0016 0.9693 -0.2460
vn 0.0003 0.9772 -0.2122
vn 0.0030 0.9860 -0.1665
vn 0.0050 0.9911 -0.1328
vn 0.0061 0.9940 -0.1094
vn 0.6218 0.6696 0.4062
vn 0.2562 0.6893 0.6777
vn 0.1149 0.7185 -0.6859
vn 0.1164 0.6969 -0.7077
vn 0.0849 0.7499 -0.6561
vn 0.0731 0.7880 -0.6113
vn 0.0560 0.7923 -0.6076
vn 0.0252 0.7830 -0.6215
vn -0.0043 0.7832 -0.6218
vn -0.0260 0.7962 -0.6045
vn -0.0294 0.8458 -0.5327
vn 0.3753 0.3190 -0.8703
vn 0.1341 0.3550 -0.9252
vn 0.0065 0.3707 -0.9287
vn -0.0618 0.4563 -0.8877
vn -0.0406 0.7962 -0.6037
vn -0.0641 0.7832 -0.6184
vn -0.0934 0.7830 -0.6150
vn -0.1225 0.7923 -0.5978
vn -0.1399 0.7880 -0.5996
vn -0.1566 0.7499 -0.6427
vn -0.1896 0.7185 -0.6692
vn -0.1935 0.6969 -0.6906
vn -0.0160 0.9944 -0.1046
vn 0.0226 0.7347 0.6780
vn -0.6728 0.3884 -0.6296
vn -0.0981 0.6847 -0.7222
vn -0.1495 0.7115 -0.6866
vn -0.7449 0.5116 -0.4282
vn -0.7426 0.4534 -0.4929
vn -0.0637 0.7188 -0.6922
vn -0.7393 0.5617 -0.3714
vn -0.0408 0.7704 -0.6363
vn -0.7460 0.5671 -0.3491
vn -0.7566 0.5636 -0.3316
vn -0.7304 0.5605 -0.3902
vn -0.7385 0.5678 -0.3636
vn -0.7170 0.6214 -0.3158
vn -0.7190 0.6809 -0.1393
vn -0.7229 0.6649 -0.1880
vn -0.7144 0.6947 -0.0838
vn -0.7162 0.6941 -0.0731
vn -0.7074 0.7046 -0.0559
vn -0.7094 0.7045 -0.0206
vn -0.7044 0.7098 0.0021
vn -0.7142 0.6971 0.0623
vn -0.6994 0.6935 0.1731
vn -0.4687 0.3190 -0.8237
vn -0.2351 0.3550 -0.9048
vn -0.1086 0.3707 -0.9224
vn -0.0708 0.4193 -0.9051
vn -0.0252 0.8891 -0.4569
vn -0.0224 0.9132 -0.4069
vn -0.7260 0.6385 -0.2556
vn -0.7177 0.6598 -0.2227
vn -0.0358 0.8892 -0.4560
vn -0.0334 0.9132 -0.4061
vn -0.0145 0.8892 -0.4572
vn -0.0115 0.9132 -0.4073
vn -0.0038 0.8892 -0.4575
vn -0.0004 0.9132 -0.4075
vn -0.0193 0.8459 -0.5329
vn -0.0145 0.8892 -0.4574
vn -0.0114 0.9132 -0.4073
vn -0.0359 0.8892 -0.4562
vn -0.0465 0.8892 -0.4552
vn -0.0444 0.9132 -0.4051
vn 0.6935 0.6385 -0.3339
vn 0.6888 0.6598 -0.3003
vn 0.5514 0.3200 -0.7705
vn 0.3026 0.2537 -0.9187
vn -0.7828 -0.4121 0.4663
vn -0.8393 -0.4738 0.2667
vn -0.0566 -0.0490 -0.9972
vn -0.8427 -0.3928 0.3683
vn -0.8320 -0.4816 0.2754
vn 0.0565 0.0523 0.9970
vn 0.0562 0.0549 0.9969
vn -0.0677 -0.0826 -0.9943
vn -0.8170 -0.4140 0.4013
vn -0.8346 -0.4663 0.2933
vn 0.0620 0.0153 -0.9980
vn -0.7908 -0.4021 0.4614
vn 0.8542 0.4964 -0.1545
vn 0.8467 0.4931 -0.1998
vn 0.8520 0.4496 -0.2683
vn 0.8298 0.4351 -0.3494
vn -0.8071 -0.3741 0.4567
vn 0.8503 0.4793 -0.2175
vn 0.8347 0.4442 -0.3256
vn 0.8430 0.4289 -0.3246
vn -0.8752 -0.4811 0.0501
vn 0.8435 0.4757 -0.2496
vn -0.0517 -0.0476 -0.9975
vn 0.0550 0.0502 0.9972
vn -0.0426 -0.0289 -0.9987
vn -0.0631 -0.0558 -0.9964
vn 0.8498 0.5271 0.0092
vn 0.8581 0.5117 -0.0426
vn 0.0550 0.0528 0.9971
vn -0.2946 -0.3453 -0.8911
vn 0.0539 0.0475 0.9974
vn 0.8559 0.5135 -0.0610
vn 0.8593 0.5047 -0.0823
vn -0.6972 -0.6172 -0.3647
vn 0.0539 0.0507 0.9973
vn 0.8541 0.5106 -0.0985
vn 0.8566 0.5059 -0.1018
vn -0.8233 -0.4320 0.3682
vn 0.0552 0.0527 0.9971
vn -0.0618 -0.0560 -0.9965
vn -0.7909 -0.4145 0.4503
vn 0.2405 0.1365 0.9610
vn 0.6881 0.5099 0.5163
vn -0.8392 -0.4998 0.2144
vn 0.0550 0.0529 0.9971
vn 0.8341 0.5344 0.1366
vn -0.8399 -0.5029 0.2041
vn 0.0549 0.0483 0.9973
vn 0.0548 0.0496 0.9973
vn -0.2704 -0.2733 0.9231
vn -0.8313 -0.4965 0.2499
vn -0.6667 -0.4160 0.6184
vn 0.8217 0.3987 -0.4072
vn -0.7979 -0.3956 0.4548
vn 0.8413 0.4323 -0.3246
vn 0.8336 0.4460 -0.3259
vn -0.8263 -0.4615 0.3228
vn 0.7448 0.3661 -0.5578
vn -0.8328 -0.4874 0.2625
vn -0.8412 -0.4910 0.2263
vn -0.8441 -0.5026 0.1869
vn -0.8108 -0.4822 0.3320
vn 0.4152 -0.9075 -0.0631
vn 0.1207 0.9647 0.2342
vn 0.0007 0.9986 -0.0523
s 1
g off
f 8//1 202//2 205//3
f 204//2 47//4 48//5
f 147//6 46//7 180//2
f 149//8 28//9 147//6
f 151//10 41//11 149//8
f 153//12 27//13 151//10
f 155//14 43//15 153//12
f 157//16 26//17 155//14
f 159//18 44//19 157//16
f 263//20 25//21 159//18
f 163//22 23//23 161//24
f 165//25 39//26 163//22
f 167//27 32//28 165//25
f 169//29 29//30 167//27
f 171//31 33//32 169//29
f 173//33 40//34 171//31
f 175//35 24//36 173//33
f 31//37 175//35 177//38
f 200//39 117//40 199//41
f 121//42 118//43 117//40
f 123//44 118//43 122//45
f 124//46 119//47 123//44
f 117//40 198//48 199//41
f 118//43 113//49 117//40
f 118//43 115//50 114//51
f 119//47 116//52 115//50
f 113//49 197//53 198//48
f 114//51 109//54 113//49
f 114//51 111//55 110//56
f 115//50 112//57 111//55
f 109//54 196//58 197//53
f 110//56 105//59 109//54
f 111//55 106//60 110//56
f 111//55 108//61 107//62
f 105//59 195//63 196//58
f 106//60 101//64 105//59
f 106//60 103//65 102//66
f 107//62 104//67 103//65
f 101//64 194//68 195//63
f 102//66 97//69 101//64
f 103//65 98//70 102//66
f 103//65 100//71 99//72
f 97//69 193//73 194//68
f 98//70 93//74 97//69
f 99//72 94//75 98//70
f 99//72 96//76 95//77
f 93//74 192//78 193//73
f 94//75 89//79 93//74
f 95//77 90//80 94//75
f 95//77 92//81 91//82
f 245//83 191//84 266//85
f 248//86 85//87 245//83
f 251//88 86//89 248//86
f 251//88 88//90 87//91
f 85//87 190//92 191//84
f 86//89 81//93 85//87
f 87//91 82//94 86//89
f 87//91 84//95 83//96
f 81//93 189//97 190//92
f 82//94 77//98 81//93
f 82//94 79//99 78//100
f 83//96 80//101 79//99
f 77//98 188//102 189//97
f 78//100 73//103 77//98
f 79//99 74//104 78//100
f 79//99 76//105 75//106
f 73//103 187//107 188//102
f 74//104 69//108 73//103
f 74//104 71//109 70//110
f 75//106 72//111 71//109
f 69//108 186//112 187//107
f 70//110 65//113 69//108
f 71//109 66//114 70//110
f 71//109 68//115 67//116
f 65//113 185//117 186//112
f 66//114 61//118 65//113
f 66//114 63//119 62//120
f 67//116 64//121 63//119
f 61//118 183//122 185//117
f 62//120 60//123 61//118
f 62//120 58//124 59//125
f 63//119 57//126 58//124
f 142//127 57//126 143//128
f 53//129 58//124 57//126
f 58//124 55//130 59//125
f 59//125 56//131 60//123
f 125//132 53//129 142//127
f 52//133 54//134 53//129
f 50//135 54//134 51//136
f 49//137 55//130 50//135
f 124//46 42//138 38//139
f 42//138 122//45 20//140
f 144//3 142//127 179//2
f 179//2 143//128 181//2
f 141//141 120//142 124//46
f 120//142 139//143 116//52
f 116//52 138//144 112//57
f 112//57 137//145 108//61
f 108//61 136//146 104//67
f 104//67 135//147 100//71
f 100//71 134//148 96//76
f 96//76 133//149 92//81
f 254//150 132//151 88//90
f 88//90 131//152 84//95
f 84//95 130//153 80//101
f 80//101 129//154 76//105
f 76//105 128//155 72//111
f 72//111 127//156 68//115
f 68//115 126//157 64//121
f 64//121 143//128 57//126
f 45//158 180//2 46//7
f 178//2 181//2 180//2
f 30//159 178//2 45//158
f 145//3 179//2 178//2
f 141//141 174//160 140//161
f 177//38 174//160 176//162
f 140//161 172//163 139//143
f 174//160 173//33 172//163
f 139//143 170//164 138//144
f 172//163 171//31 170//164
f 138//144 168//165 137//145
f 170//164 169//29 168//165
f 137//145 166//166 136//146
f 168//165 167//27 166//166
f 136//146 164//167 135//147
f 166//166 165//25 164//167
f 135//147 162//168 134//148
f 164//167 163//22 162//168
f 134//148 160//24 133//149
f 162//168 161//24 160//24
f 257//169 158//18 132//151
f 260//20 159//18 158//18
f 132//151 156//16 131//152
f 158//18 157//16 156//16
f 131//152 154//14 130//153
f 156//16 155//14 154//14
f 130//153 152//12 129//154
f 154//14 153//12 152//12
f 129//154 150//10 128//155
f 152//12 151//10 150//10
f 128//155 148//8 127//156
f 150//10 149//8 148//8
f 127//156 146//6 126//157
f 148//8 147//6 146//6
f 126//157 181//2 143//128
f 146//6 180//2 181//2
f 31//37 177//38 37//170
f 177//38 35//171 37//170
f 176//162 36//172 35//171
f 141//141 38//139 36//172
f 20//140 121//42 16//173
f 185//117 203//2 208//6
f 186//112 208//6 210//8
f 187//107 210//8 212//10
f 188//102 212//10 214//12
f 189//97 214//12 216//14
f 190//92 216//14 218//16
f 191//84 218//16 220//18
f 266//85 220//18 272//20
f 193//73 222//24 224//174
f 194//68 224//174 226//175
f 195//63 226//175 228//176
f 196//58 228//176 230//177
f 197//53 230//177 232//178
f 198//48 232//178 234//179
f 199//41 234//179 236//180
f 200//39 236//180 238//181
f 60//123 182//182 183//122
f 184//183 56//131 49//137
f 9//184 235//185 12//186
f 237//187 236//180 235//185
f 235//185 2//188 12//186
f 236//180 233//189 235//185
f 233//189 18//190 2//188
f 234//179 231//191 233//189
f 231//191 11//192 18//190
f 232//178 229//29 231//191
f 229//29 7//193 11//192
f 230//177 227//27 229//29
f 227//27 10//194 7//193
f 228//176 225//25 227//27
f 225//25 17//195 10//194
f 226//175 223//22 225//25
f 223//22 1//196 17//195
f 224//174 221//24 223//22
f 269//20 3//197 239//198
f 272//20 219//18 269//20
f 219//18 22//199 3//197
f 220//18 217//16 219//18
f 217//16 4//200 22//199
f 218//16 215//14 217//16
f 215//14 21//201 4//200
f 216//14 213//12 215//14
f 213//12 5//202 21//201
f 214//12 211//10 213//12
f 211//10 19//203 5//202
f 212//10 209//8 211//10
f 209//8 6//204 19//203
f 210//8 207//6 209//8
f 207//6 48//5 6//204
f 208//6 204//2 207//6
f 183//122 201//2 203//2
f 203//2 202//2 204//2
f 206//3 182//182 184//183
f 205//3 201//2 206//3
f 15//205 237//187 9//184
f 13//206 237//187 15//205
f 14//207 238//181 13//206
f 16//173 200//39 14//207
f 222//24 271//208 221//24
f 274//208 270//209 271//208
f 273//209 269//20 270//209
f 221//24 241//210 1//196
f 271//208 240//211 241//210
f 270//209 239//198 240//211
f 192//78 274//208 222//24
f 268//212 273//209 274//208
f 267//213 272//20 273//209
f 160//24 265//208 262//208
f 262//208 264//209 261//209
f 261//209 263//20 260//20
f 133//149 262//208 259//214
f 259//214 261//209 258//215
f 258//215 260//20 257//169
f 92//81 259//214 256//216
f 256//216 258//215 255//217
f 255//217 257//169 254//150
f 91//82 256//216 253//218
f 253//218 255//217 252//219
f 252//219 254//150 251//88
f 90//80 253//218 250//220
f 253//218 249//221 250//220
f 249//221 251//88 248//86
f 90//80 247//222 89//79
f 250//220 246//223 247//222
f 249//221 245//83 246//223
f 89//79 268//212 192//78
f 247//222 267//213 268//212
f 246//223 266//85 267//213
f 161//24 244//224 265//208
f 265//208 243//225 264//209
f 264//209 242//226 263//20
f 37//170 305//227 31//37
f 284//228 7//193 10//194
f 277//229 239//198 3//197
f 312//230 36//172 38//139
f 286//231 9//184 12//186
f 333//232 240//211 239//198
f 125//132 326//233 52//133
f 310//234 35//171 36//172
f 291//235 10//194 17//195
f 334//236 241//210 240//211
f 35//171 311//237 37//170
f 281//238 11//192 7//193
f 242//226 299//239 25//21
f 39//26 297//240 23//23
f 276//241 12//186 2//188
f 243//225 336//242 242//226
f 40//34 307//243 33//32
f 283//244 15//205 9//184
f 244//224 337//245 243//225
f 316//246 38//139 42//138
f 331//247 8//1 205//3
f 14//207 290//248 16//173
f 41//11 302//249 28//9
f 332//250 205//3 206//3
f 13//206 288//251 14//207
f 323//252 184//183 49//137
f 43//15 301//253 27//13
f 289//254 13//206 15//205
f 324//255 49//137 50//135
f 44//19 300//256 26//17
f 275//257 17//195 1//196
f 325//258 50//135 51//136
f 294//259 42//138 20//140
f 285//260 18//190 11//192
f 52//133 325//258 51//136
f 304//261 145//3 30//159
f 16//173 294//259 20//140
f 45//158 304//261 30//159
f 280//262 19//203 6//204
f 328//263 125//132 144//3
f 46//7 319//264 45//158
f 279//265 21//201 5//202
f 329//266 144//3 145//3
f 330//267 206//3 184//183
f 282//268 47//4 8//1
f 278//269 22//199 4//200
f 321//270 48//5 47//4
f 24//36 314//271 40//34
f 23//23 338//272 244//224
f 25//21 318//273 44//19
f 26//17 317//274 43//15
f 27//13 315//275 41//11
f 28//9 320//276 46//7
f 292//277 2//188 18//190
f 29//30 306//278 32//28
f 335//279 1//196 241//210
f 31//37 308//280 34//281
f 296//282 3//197 22//199
f 32//28 313//283 39//26
f 295//284 4//200 21//201
f 33//32 303//285 29//30
f 293//286 5//202 19//203
f 34//281 298//287 24//36
f 322//288 6//204 48//5
f 540//289 346//290 543//291
f 542//289 385//292 540//289
f 485//293 384//294 366//295
f 487//296 366//295 379//297
f 489//298 379//297 365//299
f 491//300 365//299 381//301
f 493//302 381//301 364//303
f 495//304 364//303 382//305
f 497//306 382//305 363//307
f 601//308 363//307 580//309
f 501//310 361//311 377//312
f 503//313 377//312 370//314
f 505//315 370//314 367//316
f 507//317 367//316 371//318
f 509//319 371//318 378//320
f 511//321 378//320 362//322
f 513//323 362//322 372//324
f 513//323 369//325 515//326
f 538//327 455//328 459//329
f 459//329 456//330 460//331
f 460//331 457//332 461//333
f 457//332 462//334 461//333
f 536//335 455//328 537//336
f 451//337 456//330 455//328
f 456//330 453//338 457//332
f 457//332 454//339 458//340
f 535//341 451//337 536//335
f 447//342 452//343 451//337
f 448//344 453//338 452//343
f 453//338 450//345 454//339
f 534//346 447//342 535//341
f 443//347 448//344 447//342
f 444//348 449//349 448//344
f 449//349 446//350 450//345
f 533//351 443//347 534//346
f 439//352 444//348 443//347
f 440//353 445//354 444//348
f 445//354 442//355 446//350
f 532//356 439//352 533//351
f 435//357 440//353 439//352
f 440//353 437//358 441//359
f 441//359 438//360 442//355
f 531//361 435//357 532//356
f 431//362 436//363 435//357
f 432//364 437//358 436//363
f 437//358 434//365 438//360
f 530//366 431//362 531//361
f 427//367 432//364 431//362
f 428//368 433//369 432//364
f 433//369 430//370 434//365
f 529//371 583//372 604//373
f 423//374 586//375 583//372
f 424//376 589//377 586//375
f 589//377 426//378 592//379
f 528//380 423//374 529//371
f 419//381 424//376 423//374
f 420//382 425//383 424//376
f 425//383 422//384 426//378
f 527//385 419//381 528//380
f 415//386 420//382 419//381
f 416//387 421//388 420//382
f 421//388 418//389 422//384
f 526//390 415//386 527//385
f 411//391 416//387 415//386
f 416//387 413//392 417//393
f 417//393 414//394 418//389
f 525//395 411//391 526//390
f 407//396 412//397 411//391
f 412//397 409//398 413//392
f 413//392 410//399 414//394
f 524//400 407//396 525//395
f 403//401 408//402 407//396
f 408//402 405//403 409//398
f 409//398 406//404 410//399
f 523//405 403//401 524//400
f 399//406 404//407 403//401
f 404//407 401//408 405//403
f 405//403 402//409 406//404
f 521//410 399//406 523//405
f 398//411 400//412 399//406
f 400//412 396//413 401//408
f 401//408 395//414 402//409
f 395//414 480//415 481//416
f 396//413 391//417 395//414
f 396//413 393//418 392//419
f 397//420 394//421 393//418
f 463//422 391//417 390//423
f 390//423 392//419 389//424
f 389//424 393//418 388//425
f 393//418 387//426 388//425
f 380//427 462//334 376//428
f 380//427 460//331 461//333
f 482//291 480//415 463//422
f 481//416 517//289 519//289
f 458//340 479//429 462//334
f 458//340 477//430 478//431
f 454//339 476//432 477//430
f 450//345 475//433 476//432
f 446//350 474//434 475//433
f 442//355 473//435 474//434
f 438//360 472//436 473//435
f 434//365 471//437 472//436
f 592//379 470//438 595//439
f 426//378 469//440 470//438
f 422//384 468//441 469//440
f 418//389 467//442 468//441
f 414//394 466//443 467//442
f 410//399 465//444 466//443
f 406//404 464//445 465//444
f 402//409 481//416 464//445
f 518//289 383//446 384//294
f 519//289 516//289 518//289
f 368//447 516//289 483//291
f 483//291 517//289 482//291
f 479//429 512//448 514//449
f 512//448 515//326 514//449
f 478//431 510//450 512//448
f 512//448 511//321 513//323
f 477//430 508//451 510//450
f 510//450 509//319 511//321
f 476//432 506//452 508//451
f 508//451 507//317 509//319
f 475//433 504//453 506//452
f 506//452 505//315 507//317
f 474//434 502//454 504//453
f 504//453 503//313 505//315
f 473//435 500//455 502//454
f 502//454 501//310 503//313
f 472//436 498//456 500//455
f 500//455 499//456 501//310
f 595//439 496//306 598//308
f 598//308 497//306 601//308
f 470//438 494//304 496//306
f 496//306 495//304 497//306
f 469//440 492//302 494//304
f 494//304 493//302 495//304
f 468//441 490//300 492//302
f 492//302 491//300 493//302
f 467//442 488//298 490//300
f 490//300 489//298 491//300
f 466//443 486//296 488//298
f 488//298 487//296 489//298
f 465//444 484//293 486//296
f 486//296 485//293 487//296
f 464//445 519//289 484//293
f 484//293 518//289 485//293
f 369//325 375//457 515//326
f 373//458 515//326 375//457
f 374//459 514//449 373//458
f 376//428 479//429 374//459
f 358//460 459//329 460//331
f 541//289 523//405 546//293
f 546//293 524//400 548//296
f 548//296 525//395 550//298
f 550//298 526//390 552//300
f 552//300 527//385 554//302
f 554//302 528//380 556//304
f 556//304 529//371 558//306
f 558//306 604//373 610//308
f 560//456 531//361 562//461
f 562//461 532//356 564//462
f 564//462 533//351 566//463
f 566//463 534//346 568//464
f 568//464 535//341 570//465
f 570//465 536//335 572//466
f 572//466 537//336 574//467
f 574//467 538//327 576//468
f 398//411 520//469 394//421
f 394//421 522//470 387//426
f 347//471 573//472 575//473
f 575//473 574//467 576//468
f 340//474 573//472 350//475
f 571//476 574//467 573//472
f 356//477 571//476 340//474
f 569//478 572//466 571//476
f 349//479 569//478 356//477
f 567//317 570//465 569//478
f 345//480 567//317 349//479
f 565//315 568//464 567//317
f 348//481 565//315 345//480
f 563//313 566//463 565//315
f 355//482 563//313 348//481
f 561//310 564//462 563//313
f 339//483 561//310 355//482
f 559//456 562//461 561//310
f 341//484 607//308 577//485
f 557//306 610//308 607//308
f 360//486 557//306 341//484
f 555//304 558//306 557//306
f 342//487 555//304 360//486
f 553//302 556//304 555//304
f 359//488 553//302 342//487
f 551//300 554//302 553//302
f 343//489 551//300 359//488
f 549//298 552//300 551//300
f 357//490 549//298 343//489
f 547//296 550//298 549//298
f 344//491 547//296 357//490
f 545//293 548//296 547//296
f 386//492 545//293 344//491
f 542//289 546//293 545//293
f 521//410 539//289 520//469
f 541//289 540//289 539//289
f 520//469 544//291 522//470
f 539//289 543//291 544//291
f 353//493 347//471 575//473
f 351//494 575//473 576//468
f 352//495 576//468 538//327
f 354//496 538//327 459//329
f 609//497 560//456 559//456
f 608//498 612//497 609//497
f 607//308 611//498 608//498
f 579//499 559//456 339//483
f 578//500 609//497 579//499
f 577//485 608//498 578//500
f 612//497 530//366 560//456
f 611//498 606//501 612//497
f 610//308 605//502 611//498
f 498//456 603//497 499//456
f 600//497 602//498 603//497
f 599//498 601//308 602//498
f 471//437 600//497 498//456
f 597//503 599//498 600//497
f 596//504 598//308 599//498
f 430//370 597//503 471//437
f 594//505 596//504 597//503
f 593//506 595//439 596//504
f 429//507 594//505 430//370
f 591//508 593//506 594//505
f 590//509 592//379 593//506
f 588//510 429//507 428//368
f 587//502 591//508 588//510
f 587//502 589//377 590//509
f 585//511 428//368 427//367
f 584//512 588//510 585//511
f 583//372 587//502 584//512
f 606//501 427//367 530//366
f 605//502 585//511 606//501
f 604//373 584//512 605//502
f 499//456 582//513 361//311
f 603//497 581//514 582//513
f 602//498 580//309 581//514
f 375//457 643//515 649//516
f 345//480 622//517 348//481
f 577//485 615//518 341//484
f 374//459 650//519 376//428
f 347//471 624//520 350//475
f 578//500 671//521 577//485
f 463//422 664//522 665//523
f 373//458 648//524 374//459
f 348//481 629//525 355//482
f 579//499 672//526 578//500
f 373//458 649//516 647//527
f 349//479 619//528 345//480
f 580//309 637//529 674//530
f 377//312 635//531 651//532
f 350//475 614//533 340//474
f 581//514 674//530 675//534
f 378//320 645//535 652//536
f 353//493 621//537 347//471
f 582//513 675//534 676//538
f 376//428 654//539 380//427
f 346//290 669//540 543//291
f 352//495 628//541 626//542
f 379//297 640//543 653//544
f 543//291 670//545 544//291
f 351//494 626//542 625//546
f 522//470 661//547 387//426
f 381//301 639//548 655//549
f 351//494 627//550 353//493
f 387//426 662//551 388//425
f 382//305 638//552 656//553
f 355//482 613//554 339//483
f 388//425 663//555 389//424
f 358//460 654//539 632//556
f 356//477 623//557 349//479
f 390//423 663//555 664//522
f 483//291 642//558 368//447
f 354//496 632//556 628//541
f 383//446 642//558 657//559
f 357//490 618//560 344//491
f 463//422 666//561 482//291
f 384//294 657//559 658//562
f 359//488 617//563 343//489
f 482//291 667//564 483//291
f 544//291 668//565 522//470
f 385//292 620//566 346//290
f 360//486 616//567 342//487
f 386//492 659//568 385//292
f 362//322 652//536 636//569
f 361//311 676//538 635//531
f 363//307 656//553 637//529
f 364//303 655//549 638//552
f 365//299 653//544 639//548
f 366//295 658//562 640//543
f 340//474 630//570 356//477
f 367//316 644//571 641//572
f 339//483 673//573 579//499
f 369//325 646//574 643//515
f 341//484 634//575 360//486
f 370//314 651//532 644//571
f 342//487 633//576 359//488
f 371//318 641//572 645//535
f 343//489 631//577 357//490
f 372//324 636//569 646//574
f 344//491 660//578 386//492
f 292//277 614//533 276//241
f 335//279 613//554 275//257
f 296//282 615//518 277//229
f 278//269 633//576 616//567
f 279//265 631//577 617//563
f 280//262 660//578 618//560
f 284//228 619//528 281//238
f 286//231 621//537 283//244
f 291//235 622//517 284//228
f 281//238 623//557 285//260
f 276//241 624//520 286//231
f 283//244 627//550 289//254
f 288//251 628//541 290//248
f 287//579 626//542 288//251
f 289//254 625//546 287//579
f 275//257 629//525 291//235
f 285//260 630//570 292//277
f 290//248 632//556 294//259
f 293//286 618//560 631//577
f 295//284 617//563 633//576
f 296//282 616//567 634//575
f 314//271 636//569 652//536
f 338//272 635//531 676//538
f 318//273 637//529 656//553
f 317//274 638//552 655//549
f 315//275 639//548 653//544
f 320//276 640//543 658//562
f 306//278 641//572 644//571
f 308//280 643//515 646//574
f 313//283 644//571 651//532
f 303//285 645//535 641//572
f 298//287 646//574 636//569
f 311//237 643//515 305//227
f 312//230 648//524 310//234
f 310//234 647//527 309//580
f 309//580 649//516 311//237
f 297//240 651//532 635//531
f 307//243 652//536 645//535
f 316//246 650//519 312//230
f 302//249 653//544 640//543
f 301//253 655//549 639//548
f 300//256 656//553 638//552
f 294//259 654//539 316//246
f 329//266 642//558 667//564
f 304//261 657//559 642//558
f 319//264 658//562 657//559
f 321//270 620//566 659//568
f 322//288 659//568 660//578
f 330//267 661//547 668//565
f 323//252 662//551 661//547
f 324//255 663//555 662//551
f 325//258 664//522 663//555
f 326//233 665//523 664//522
f 327//581 666//561 665//523
f 328//263 667//564 666//561
f 332//250 668//565 670//545
f 282//268 669//540 620//566
f 331//247 670//545 669//540
f 277//229 671//521 333//232
f 333//232 672//526 334//236
f 334//236 673//573 335//279
f 299//239 674//530 637//529
f 336//242 675//534 674//530
f 337//245 676//538 675//534
f 8//1 47//4 202//2
f 204//2 202//2 47//4
f 147//6 28//9 46//7
f 149//8 41//11 28//9
f 151//10 27//13 41//11
f 153//12 43//15 27//13
f 155//14 26//17 43//15
f 157//16 44//19 26//17
f 159//18 25//21 44//19
f 263//20 242//226 25//21
f 163//22 39//26 23//23
f 165//25 32//28 39//26
f 167//27 29//30 32//28
f 169//29 33//32 29//30
f 171//31 40//34 33//32
f 173//33 24//36 40//34
f 175//35 34//281 24//36
f 31//37 34//281 175//35
f 200//39 121//42 117//40
f 121//42 122//45 118//43
f 123//44 119//47 118//43
f 124//46 120//142 119//47
f 117//40 113//49 198//48
f 118//43 114//51 113//49
f 118//43 119//47 115//50
f 119//47 120//142 116//52
f 113//49 109//54 197//53
f 114//51 110//56 109//54
f 114//51 115//50 111//55
f 115//50 116//52 112//57
f 109//54 105//59 196//58
f 110//56 106//60 105//59
f 111//55 107//62 106//60
f 111//55 112//57 108//61
f 105//59 101//64 195//63
f 106//60 102//66 101//64
f 106//60 107//62 103//65
f 107//62 108//61 104//67
f 101//64 97//69 194//68
f 102//66 98//70 97//69
f 103//65 99//72 98//70
f 103//65 104//67 100//71
f 97//69 93//74 193//73
f 98//70 94//75 93//74
f 99//72 95//77 94//75
f 99//72 100//71 96//76
f 93//74 89//79 192//78
f 94//75 90//80 89//79
f 95//77 91//82 90//80
f 95//77 96//76 92//81
f 245//83 85//87 191//84
f 248//86 86//89 85//87
f 251//88 87//91 86//89
f 251//88 254//150 88//90
f 85//87 81//93 190//92
f 86//89 82//94 81//93
f 87//91 83//96 82//94
f 87//91 88//90 84//95
f 81//93 77//98 189//97
f 82//94 78//100 77//98
f 82//94 83//96 79//99
f 83//96 84//95 80//101
f 77//98 73//103 188//102
f 78//100 74//104 73//103
f 79//99 75//106 74//104
f 79//99 80//101 76//105
f 73//103 69//108 187//107
f 74//104 70//110 69//108
f 74//104 75//106 71//109
f 75//106 76//105 72//111
f 69//108 65//113 186//112
f 70//110 66//114 65//113
f 71//109 67//116 66//114
f 71//109 72//111 68//115
f 65//113 61//118 185//117
f 66//114 62//120 61//118
f 66//114 67//116 63//119
f 67//116 68//115 64//121
f 61//118 60//123 183//122
f 62//120 59//125 60//123
f 62//120 63//119 58//124
f 63//119 64//121 57//126
f 142//127 53//129 57//126
f 53//129 54//134 58//124
f 58//124 54//134 55//130
f 59//125 55//130 56//131
f 125//132 52//133 53//129
f 52//133 51//136 54//134
f 50//135 55//130 54//134
f 49//137 56//131 55//130
f 124//46 123//44 42//138
f 42//138 123//44 122//45
f 144//3 125//132 142//127
f 179//2 142//127 143//128
f 141//141 140//161 120//142
f 120//142 140//161 139//143
f 116//52 139//143 138//144
f 112//57 138//144 137//145
f 108//61 137//145 136//146
f 104//67 136//146 135//147
f 100//71 135//147 134//148
f 96//76 134//148 133//149
f 254//150 257//169 132//151
f 88//90 132//151 131//152
f 84//95 131//152 130//153
f 80//101 130//153 129//154
f 76//105 129//154 128//155
f 72//111 128//155 127//156
f 68//115 127//156 126//157
f 64//121 126//157 143//128
f 45//158 178//2 180//2
f 178//2 179//2 181//2
f 30//159 145//3 178//2
f 145//3 144//3 179//2
f 141//141 176//162 174//160
f 177//38 175//35 174//160
f 140//161 174//160 172//163
f 174//160 175//35 173//33
f 139//143 172//163 170//164
f 172//163 173//33 171//31
f 138//144 170//164 168//165
f 170//164 171//31 169//29
f 137//145 168//165 166//166
f 168//165 169//29 167//27
f 136//146 166//166 164//167
f 166//166 167//27 165//25
f 135//147 164//167 162//168
f 164//167 165//25 163//22
f 134//148 162//168 160//24
f 162//168 163//22 161//24
f 257//169 260//20 158//18
f 260//20 263//20 159//18
f 132//151 158//18 156//16
f 158//18 159//18 157//16
f 131//152 156//16 154//14
f 156//16 157//16 155//14
f 130//153 154//14 152//12
f 154//14 155//14 153//12
f 129//154 152//12 150//10
f 152//12 153//12 151//10
f 128//155 150//10 148//8
f 150//10 151//10 149//8
f 127//156 148//8 146//6
f 148//8 149//8 147//6
f 126//157 146//6 181//2
f 146//6 147//6 180//2
f 177//38 176//162 35//171
f 176//162 141//141 36//172
f 141//141 124//46 38//139
f 20//140 122//45 121//42
f 185//117 183//122 203//2
f 186//112 185//117 208//6
f 187//107 186//112 210//8
f 188//102 187//107 212//10
f 189//97 188//102 214//12
f 190//92 189//97 216//14
f 191//84 190//92 218//16
f 266//85 191//84 220//18
f 193//73 192//78 222//24
f 194//68 193//73 224//174
f 195//63 194//68 226//175
f 196//58 195//63 228//176
f 197//53 196//58 230//177
f 198//48 197//53 232//178
f 199//41 198//48 234//179
f 200//39 199//41 236//180
f 60//123 56//131 182//182
f 184//183 182//182 56//131
f 9//184 237//187 235//185
f 237//187 238//181 236//180
f 235//185 233//189 2//188
f 236//180 234//179 233//189
f 233//189 231//191 18//190
f 234//179 232//178 231//191
f 231//191 229//29 11//192
f 232//178 230//177 229//29
f 229//29 227//27 7//193
f 230//177 228//176 227//27
f 227//27 225//25 10//194
f 228//176 226//175 225//25
f 225//25 223//22 17//195
f 226//175 224//174 223//22
f 223//22 221//24 1//196
f 224//174 222//24 221//24
f 269//20 219//18 3//197
f 272//20 220//18 219//18
f 219//18 217//16 22//199
f 220//18 218//16 217//16
f 217//16 215//14 4//200
f 218//16 216//14 215//14
f 215//14 213//12 21//201
f 216//14 214//12 213//12
f 213//12 211//10 5//202
f 214//12 212//10 211//10
f 211//10 209//8 19//203
f 212//10 210//8 209//8
f 209//8 207//6 6//204
f 210//8 208//6 207//6
f 207//6 204//2 48//5
f 208//6 203//2 204//2
f 183//122 182//182 201//2
f 203//2 201//2 202//2
f 206//3 201//2 182//182
f 205//3 202//2 201//2
f 13//206 238//181 237//187
f 14//207 200//39 238//181
f 16//173 121//42 200//39
f 222//24 274//208 271//208
f 274//208 273//209 270//209
f 273//209 272//20 269//20
f 221//24 271//208 241//210
f 271//208 270//209 240//211
f 270//209 269//20 239//198
f 192//78 268//212 274//208
f 268//212 267//213 273//209
f 267//213 266//85 272//20
f 160//24 161//24 265//208
f 262//208 265//208 264//209
f 261//209 264//209 263//20
f 133//149 160//24 262//208
f 259//214 262//208 261//209
f 258//215 261//209 260//20
f 92//81 133//149 259//214
f 256//216 259//214 258//215
f 255//217 258//215 257//169
f 91//82 92//81 256//216
f 253//218 256//216 255//217
f 252//219 255//217 254//150
f 90//80 91//82 253//218
f 253//218 252//219 249//221
f 249//221 252//219 251//88
f 90//80 250//220 247//222
f 250//220 249//221 246//223
f 249//221 248//86 245//83
f 89//79 247//222 268//212
f 247//222 246//223 267//213
f 246//223 245//83 266//85
f 161//24 23//23 244//224
f 265//208 244//224 243//225
f 264//209 243//225 242//226
f 37//170 311//237 305//227
f 284//228 281//238 7//193
f 277//229 333//232 239//198
f 312//230 310//234 36//172
f 286//231 283//244 9//184
f 333//232 334//236 240//211
f 125//132 327//581 326//233
f 310//234 309//580 35//171
f 291//235 284//228 10//194
f 334//236 335//279 241//210
f 35//171 309//580 311//237
f 281//238 285//260 11//192
f 242//226 336//242 299//239
f 39//26 313//283 297//240
f 276//241 286//231 12//186
f 243//225 337//245 336//242
f 40//34 314//271 307//243
f 283//244 289//254 15//205
f 244//224 338//272 337//245
f 316//246 312//230 38//139
f 331//247 282//268 8//1
f 14//207 288//251 290//248
f 41//11 315//275 302//249
f 332//250 331//247 205//3
f 13//206 287//579 288//251
f 323//252 330//267 184//183
f 43//15 317//274 301//253
f 289//254 287//579 13//206
f 324//255 323//252 49//137
f 44//19 318//273 300//256
f 275//257 291//235 17//195
f 325//258 324//255 50//135
f 294//259 316//246 42//138
f 285//260 292//277 18//190
f 52//133 326//233 325//258
f 304//261 329//266 145//3
f 16//173 290//248 294//259
f 45//158 319//264 304//261
f 280//262 293//286 19//203
f 328//263 327//581 125//132
f 46//7 320//276 319//264
f 279//265 295//284 21//201
f 329//266 328//263 144//3
f 330//267 332//250 206//3
f 282//268 321//270 47//4
f 278//269 296//282 22//199
f 321//270 322//288 48//5
f 24//36 298//287 314//271
f 23//23 297//240 338//272
f 25//21 299//239 318//273
f 26//17 300//256 317//274
f 27//13 301//253 315//275
f 28//9 302//249 320//276
f 292//277 276//241 2//188
f 29//30 303//285 306//278
f 335//279 275//257 1//196
f 31//37 305//227 308//280
f 296//282 277//229 3//197
f 32//28 306//278 313//283
f 295//284 278//269 4//200
f 33//32 307//243 303//285
f 293//286 279//265 5//202
f 34//281 308//280 298//287
f 322//288 280//262 6//204
f 540//289 385//292 346//290
f 542//289 386//492 385//292
f 485//293 518//289 384//294
f 487//296 485//293 366//295
f 489//298 487//296 379//297
f 491//300 489//298 365//299
f 493//302 491//300 381//301
f 495//304 493//302 364//303
f 497//306 495//304 382//305
f 601//308 497//306 363//307
f 501//310 499//456 361//311
f 503//313 501//310 377//312
f 505//315 503//313 370//314
f 507//317 505//315 367//316
f 509//319 507//317 371//318
f 511//321 509//319 378//320
f 513//323 511//321 362//322
f 513//323 372//324 369//325
f 538//327 537//336 455//328
f 459//329 455//328 456//330
f 460//331 456//330 457//332
f 457//332 458//340 462//334
f 536//335 451//337 455//328
f 451//337 452//343 456//330
f 456//330 452//343 453//338
f 457//332 453//338 454//339
f 535//341 447//342 451//337
f 447//342 448//344 452//343
f 448//344 449//349 453//338
f 453//338 449//349 450//345
f 534//346 443//347 447//342
f 443//347 444//348 448//344
f 444//348 445//354 449//349
f 449//349 445//354 446//350
f 533//351 439//352 443//347
f 439//352 440//353 444//348
f 440//353 441//359 445//354
f 445//354 441//359 442//355
f 532//356 435//357 439//352
f 435//357 436//363 440//353
f 440//353 436//363 437//358
f 441//359 437//358 438//360
f 531//361 431//362 435//357
f 431//362 432//364 436//363
f 432//364 433//369 437//358
f 437//358 433//369 434//365
f 530//366 427//367 431//362
f 427//367 428//368 432//364
f 428//368 429//507 433//369
f 433//369 429//507 430//370
f 529//371 423//374 583//372
f 423//374 424//376 586//375
f 424//376 425//383 589//377
f 589//377 425//383 426//378
f 528//380 419//381 423//374
f 419//381 420//382 424//376
f 420//382 421//388 425//383
f 425//383 421//388 422//384
f 527//385 415//386 419//381
f 415//386 416//387 420//382
f 416//387 417//393 421//388
f 421//388 417//393 418//389
f 526//390 411//391 415//386
f 411//391 412//397 416//387
f 416//387 412//397 413//392
f 417//393 413//392 414//394
f 525//395 407//396 411//391
f 407//396 408//402 412//397
f 412//397 408//402 409//398
f 413//392 409//398 410//399
f 524//400 403//401 407//396
f 403//401 404//407 408//402
f 408//402 404//407 405//403
f 409//398 405//403 406//404
f 523//405 399//406 403//401
f 399//406 400//412 404//407
f 404//407 400//412 401//408
f 405//403 401//408 402//409
f 521//410 398//411 399//406
f 398//411 397//420 400//412
f 400//412 397//420 396//413
f 401//408 396//413 395//414
f 395//414 391//417 480//415
f 396//413 392//419 391//417
f 396//413 397//420 393//418
f 397//420 398//411 394//421
f 463//422 480//415 391//417
f 390//423 391//417 392//419
f 389//424 392//419 393//418
f 393//418 394//421 387//426
f 380//427 461//333 462//334
f 380//427 358//460 460//331
f 482//291 517//289 480//415
f 481//416 480//415 517//289
f 458//340 478//431 479//429
f 458//340 454//339 477//430
f 454//339 450//345 476//432
f 450//345 446//350 475//433
f 446//350 442//355 474//434
f 442//355 438//360 473//435
f 438//360 434//365 472//436
f 434//365 430//370 471//437
f 592//379 426//378 470//438
f 426//378 422//384 469//440
f 422//384 418//389 468//441
f 418//389 414//394 467//442
f 414//394 410//399 466//443
f 410//399 406//404 465//444
f 406//404 402//409 464//445
f 402//409 395//414 481//416
f 518//289 516//289 383//446
f 519//289 517//289 516//289
f 368//447 383//446 516//289
f 483//291 516//289 517//289
f 479//429 478//431 512//448
f 512//448 513//323 515//326
f 478//431 477//430 510//450
f 512//448 510//450 511//321
f 477//430 476//432 508//451
f 510//450 508//451 509//319
f 476//432 475//433 506//452
f 508//451 506//452 507//317
f 475//433 474//434 504//453
f 506//452 504//453 505//315
f 474//434 473//435 502//454
f 504//453 502//454 503//313
f 473//435 472//436 500//455
f 502//454 500//455 501//310
f 472//436 471//437 498//456
f 500//455 498//456 499//456
f 595//439 470//438 496//306
f 598//308 496//306 497//306
f 470//438 469//440 494//304
f 496//306 494//304 495//304
f 469//440 468//441 492//302
f 494//304 492//302 493//302
f 468//441 467//442 490//300
f 492//302 490//300 491//300
f 467//442 466//443 488//298
f 490//300 488//298 489//298
f 466//443 465//444 486//296
f 488//298 486//296 487//296
f 465//444 464//445 484//293
f 486//296 484//293 485//293
f 464//445 481//416 519//289
f 484//293 519//289 518//289
f 373//458 514//449 515//326
f 374//459 479//429 514//449
f 376//428 462//334 479//429
f 358//460 354//496 459//329
f 541//289 521//410 523//405
f 546//293 523//405 524//400
f 548//296 524//400 525//395
f 550//298 525//395 526//390
f 552//300 526//390 527//385
f 554//302 527//385 528//380
f 556//304 528//380 529//371
f 558//306 529//371 604//373
f 560//456 530//366 531//361
f 562//461 531//361 532//356
f 564//462 532//356 533//351
f 566//463 533//351 534//346
f 568//464 534//346 535//341
f 570//465 535//341 536//335
f 572//466 536//335 537//336
f 574//467 537//336 538//327
f 398//411 521//410 520//469
f 394//421 520//469 522//470
f 347//471 350//475 573//472
f 575//473 573//472 574//467
f 340//474 571//476 573//472
f 571//476 572//466 574//467
f 356//477 569//478 571//476
f 569//478 570//465 572//466
f 349//479 567//317 569//478
f 567//317 568//464 570//465
f 345//480 565//315 567//317
f 565//315 566//463 568//464
f 348//481 563//313 565//315
f 563//313 564//462 566//463
f 355//482 561//310 563//313
f 561//310 562//461 564//462
f 339//483 559//456 561//310
f 559//456 560//456 562//461
f 341//484 557//306 607//308
f 557//306 558//306 610//308
f 360//486 555//304 557//306
f 555//304 556//304 558//306
f 342//487 553//302 555//304
f 553//302 554//302 556//304
f 359//488 551//300 553//302
f 551//300 552//300 554//302
f 343//489 549//298 551//300
f 549//298 550//298 552//300
f 357//490 547//296 549//298
f 547//296 548//296 550//298
f 344//491 545//293 547//296
f 545//293 546//293 548//296
f 386//492 542//289 545//293
f 542//289 541//289 546//293
f 521//410 541//289 539//289
f 541//289 542//289 540//289
f 520//469 539//289 544//291
f 539//289 540//289 543//291
f 351//494 353//493 575//473
f 352//495 351//494 576//468
f 354//496 352//495 538//327
f 609//497 612//497 560//456
f 608//498 611//498 612//497
f 607//308 610//308 611//498
f 579//499 609//497 559//456
f 578//500 608//498 609//497
f 577//485 607//308 608//498
f 612//497 606//501 530//366
f 611//498 605//502 606//501
f 610//308 604//373 605//502
f 498//456 600//497 603//497
f 600//497 599//498 602//498
f 599//498 598//308 601//308
f 471//437 597//503 600//497
f 597//503 596//504 599//498
f 596//504 595//439 598//308
f 430//370 594//505 597//503
f 594//505 593//506 596//504
f 593//506 592//379 595//439
f 429//507 591//508 594//505
f 591//508 590//509 593//506
f 590//509 589//377 592//379
f 588//510 591//508 429//507
f 587//502 590//509 591//508
f 587//502 586//375 589//377
f 585//511 588//510 428//368
f 584//512 587//502 588//510
f 583//372 586//375 587//502
f 606//501 585//511 427//367
f 605//502 584//512 585//511
f 604//373 583//372 584//512
f 499//456 603//497 582//513
f 603//497 602//498 581//514
f 602//498 601//308 580//309
f 375//457 369//325 643//515
f 345//480 619//528 622//517
f 577//485 671//521 615//518
f 374//459 648//524 650//519
f 347//471 621//537 624//520
f 578//500 672//526 671//521
f 463//422 390//423 664//522
f 373//458 647//527 648//524
f 348//481 622//517 629//525
f 579//499 673//573 672//526
f 373//458 375//457 649//516
f 349//479 623//557 619//528
f 580//309 363//307 637//529
f 377//312 361//311 635//531
f 350//475 624//520 614//533
f 581//514 580//309 674//530
f 378//320 371//318 645//535
f 353//493 627//550 621//537
f 582//513 581//514 675//534
f 376//428 650//519 654//539
f 346//290 620//566 669//540
f 352//495 354//496 628//541
f 379//297 366//295 640//543
f 543//291 669//540 670//545
f 351//494 352//495 626//542
f 522//470 668//565 661//547
f 381//301 365//299 639//548
f 351//494 625//546 627//550
f 387//426 661//547 662//551
f 382//305 364//303 638//552
f 355//482 629//525 613//554
f 388//425 662//551 663//555
f 358//460 380//427 654//539
f 356//477 630//570 623//557
f 390//423 389//424 663//555
f 483//291 667//564 642//558
f 354//496 358//460 632//556
f 383//446 368//447 642//558
f 357//490 631//577 618//560
f 463//422 665//523 666//561
f 384//294 383//446 657//559
f 359//488 633//576 617//563
f 482//291 666//561 667//564
f 544//291 670//545 668//565
f 385//292 659//568 620//566
f 360//486 634//575 616//567
f 386//492 660//578 659//568
f 362//322 378//320 652//536
f 361//311 582//513 676//538
f 363//307 382//305 656//553
f 364//303 381//301 655//549
f 365//299 379//297 653//544
f 366//295 384//294 658//562
f 340//474 614//533 630//570
f 367//316 370//314 644//571
f 339//483 613//554 673//573
f 369//325 372//324 646//574
f 341//484 615//518 634//575
f 370//314 377//312 651//532
f 342//487 616//567 633//576
f 371//318 367//316 641//572
f 343//489 617//563 631//577
f 372//324 362//322 636//569
f 344//491 618//560 660//578
f 292//277 630//570 614//533
f 335//279 673//573 613//554
f 296//282 634//575 615//518
f 278//269 295//284 633//576
f 279//265 293//286 631//577
f 280//262 322//288 660//578
f 284//228 622//517 619//528
f 286//231 624//520 621//537
f 291//235 629//525 622//517
f 281//238 619//528 623//557
f 276//241 614//533 624//520
f 283//244 621//537 627//550
f 288//251 626//542 628//541
f 287//579 625//546 626//542
f 289//254 627//550 625//546
f 275//257 613//554 629//525
f 285//260 623//557 630//570
f 290//248 628//541 632//556
f 293//286 280//262 618//560
f 295//284 279//265 617//563
f 296//282 278//269 616//567
f 314//271 298//287 636//569
f 338//272 297//240 635//531
f 318//273 299//239 637//529
f 317//274 300//256 638//552
f 315//275 301//253 639//548
f 320//276 302//249 640//543
f 306//278 303//285 641//572
f 308//280 305//227 643//515
f 313//283 306//278 644//571
f 303//285 307//243 645//535
f 298//287 308//280 646//574
f 311//237 649//516 643//515
f 312//230 650//519 648//524
f 310//234 648//524 647//527
f 309//580 647//527 649//516
f 297//240 313//283 651//532
f 307//243 314//271 652//536
f 316//246 654//539 650//519
f 302//249 315//275 653//544
f 301//253 317//274 655//549
f 300//256 318//273 656//553
f 294//259 632//556 654//539
f 329//266 304//261 642//558
f 304//261 319//264 657//559
f 319//264 320//276 658//562
f 321//270 282//268 620//566
f 322//288 321//270 659//568
f 330//267 323//252 661//547
f 323//252 324//255 662//551
f 324//255 325//258 663//555
f 325//258 326//233 664//522
f 326//233 327//581 665//523
f 327//581 328//263 666//561
f 328//263 329//266 667//564
f 332//250 330//267 668//565
f 282//268 331//247 669//540
f 331//247 332//250 670//545
f 277//229 615//518 671//521
f 333//232 671//521 672//526
f 334//236 672//526 673//573
f 299//239 336//242 674//530
f 336//242 337//245 675//534
f 337//245 338//272 676//538
o Torus.019
v -1.333336 0.682424 -1.125789
v -1.302760 0.683582 -1.121778
v -1.279748 0.686747 -1.107481
v -1.261936 0.751118 -0.932021
v -1.268875 0.755440 -0.910375
v -1.290174 0.758605 -0.893635
v -1.320126 0.759763 -0.886285
v -1.350702 0.758605 -0.890296
v -1.373713 0.755440 -0.904593
v -1.382992 0.751118 -0.925344
v -1.384586 0.686747 -1.101698
v -1.363287 0.683582 -1.118438
v -1.329210 0.776709 -1.050970
v -1.300889 0.776302 -1.048285
v -1.279690 0.775187 -1.037849
v -1.267657 0.784808 -0.956564
v -1.274310 0.783286 -0.940344
v -1.294234 0.782171 -0.927640
v -1.322087 0.781763 -0.921856
v -1.350408 0.782171 -0.924542
v -1.371607 0.783286 -0.934978
v -1.380004 0.784808 -0.950366
v -1.376986 0.775187 -1.032482
v -1.357062 0.776302 -1.045186
v -1.327975 0.803498 -1.028592
v -1.302357 0.802793 -1.026301
v -1.283195 0.800869 -1.017234
v -1.273382 0.805113 -0.963185
v -1.279432 0.802485 -0.949021
v -1.297480 0.800560 -0.937902
v -1.322691 0.799856 -0.932806
v -1.348310 0.800560 -0.935099
v -1.367471 0.802485 -0.944166
v -1.375042 0.805113 -0.957576
v -1.371233 0.800869 -1.012376
v -1.353186 0.802793 -1.023497
v -1.326841 0.830709 -1.008044
v -1.301234 0.829682 -1.005952
v -1.282102 0.826875 -0.997434
v -1.273274 0.827027 -0.961203
v -1.279364 0.823193 -0.947789
v -1.297443 0.820386 -0.937217
v -1.322665 0.819359 -0.932323
v -1.348272 0.820386 -0.934414
v -1.367404 0.823193 -0.942933
v -1.374933 0.827027 -0.955595
v -1.370141 0.826875 -0.992578
v -1.352063 0.829682 -1.003149
v -1.325662 0.855790 -0.986651
v -1.300068 0.854458 -0.984820
v -1.280976 0.850817 -0.977015
v -1.272963 0.847492 -0.955572
v -1.279106 0.842518 -0.943131
v -1.297225 0.838876 -0.933270
v -1.322461 0.837543 -0.928637
v -1.348055 0.838876 -0.930468
v -1.367147 0.842518 -0.938275
v -1.374623 0.847492 -0.949964
v -1.369016 0.850817 -0.972159
v -1.350898 0.854458 -0.982017
v -1.324231 0.879000 -0.960718
v -1.298656 0.877384 -0.959202
v -1.279610 0.872970 -0.952259
v -1.272200 0.866941 -0.941748
v -1.278409 0.860912 -0.930485
v -1.296575 0.856499 -0.921490
v -1.321828 0.854883 -0.917171
v -1.347404 0.856499 -0.918686
v -1.366449 0.860912 -0.925629
v -1.373860 0.866941 -0.936140
v -1.367650 0.872970 -0.947402
v -1.349485 0.877384 -0.956398
v -1.322574 0.899939 -0.930685
v -1.297019 0.898068 -0.929536
v -1.278029 0.892958 -0.923592
v -1.270694 0.885977 -0.914446
v -1.276978 0.878996 -0.904548
v -1.295199 0.873886 -0.896551
v -1.320474 0.872015 -0.892599
v -1.346029 0.873886 -0.893749
v -1.365018 0.878996 -0.899692
v -1.372353 0.885977 -0.908839
v -1.366068 0.892958 -0.918736
v -1.347848 0.898068 -0.926733
v -1.320720 0.918250 -0.897069
v -1.295187 0.916157 -0.896329
v -1.276259 0.910437 -0.891504
v -1.269008 0.902624 -0.883886
v -1.275376 0.894811 -0.875516
v -1.293659 0.889091 -0.868638
v -1.318956 0.886998 -0.865094
v -1.344489 0.889091 -0.865835
v -1.363417 0.894811 -0.870660
v -1.370668 0.902624 -0.878279
v -1.364299 0.910437 -0.886648
v -1.346017 0.916157 -0.893525
v -1.318700 0.933621 -0.860444
v -1.293191 0.931341 -0.860150
v -1.274330 0.925109 -0.856543
v -1.267172 0.916597 -0.850589
v -1.273632 0.908086 -0.843885
v -1.291981 0.901854 -0.838225
v -1.317303 0.899574 -0.835128
v -1.342811 0.901854 -0.835422
v -1.361672 0.908086 -0.839028
v -1.368830 0.916597 -0.844982
v -1.362370 0.925109 -0.851687
v -1.344021 0.931341 -0.857345
v -1.316548 0.945788 -0.821436
v -1.291065 0.943359 -0.821617
v -1.272277 0.936723 -0.819308
v -1.265216 0.927658 -0.815128
v -1.271773 0.918593 -0.810196
v -1.290195 0.911957 -0.805836
v -1.315543 0.909528 -0.803212
v -1.341025 0.911957 -0.803032
v -1.359813 0.918593 -0.805340
v -1.366875 0.927658 -0.809521
v -1.360316 0.936723 -0.814453
v -1.341896 0.943359 -0.818813
v -1.314302 0.954542 -0.780713
v -1.288847 0.952006 -0.781389
v -1.270132 0.945079 -0.780437
v -1.263173 0.935616 -0.778108
v -1.269834 0.926153 -0.775027
v -1.288330 0.919226 -0.772021
v -1.313705 0.916691 -0.769895
v -1.339159 0.919226 -0.769217
v -1.357873 0.926153 -0.770171
v -1.364833 0.935616 -0.772499
v -1.358173 0.945079 -0.775581
v -1.339676 0.952006 -0.778587
v -1.311999 0.959734 -0.738972
v -1.286572 0.957135 -0.740158
v -1.267935 0.950035 -0.740593
v -1.261081 0.940336 -0.740161
v -1.267846 0.930637 -0.738978
v -1.286418 0.923537 -0.737361
v -1.311821 0.920939 -0.735742
v -1.337248 0.923537 -0.734557
v -1.355886 0.930637 -0.734122
v -1.362739 0.940336 -0.734554
v -1.355974 0.950035 -0.735738
v -1.337402 0.957135 -0.737354
v -1.309680 0.961275 -0.696928
v -1.284281 0.958657 -0.698626
v -1.265720 0.951506 -0.700459
v -1.258972 0.941737 -0.701938
v -1.265842 0.931968 -0.702667
v -1.284492 0.924817 -0.702448
v -1.309923 0.922200 -0.701343
v -1.335321 0.924817 -0.699644
v -1.353883 0.931968 -0.697811
v -1.360632 0.941737 -0.696331
v -1.353761 0.951506 -0.695603
v -1.335111 0.958657 -0.695822
v -1.307383 0.959139 -0.655298
v -1.282013 0.956547 -0.657502
v -1.263528 0.949467 -0.660723
v -1.256884 0.939795 -0.664094
v -1.263859 0.930123 -0.666714
v -1.282585 0.923043 -0.667882
v -1.308044 0.920451 -0.667282
v -1.333416 0.923043 -0.665078
v -1.351899 0.930123 -0.661858
v -1.358544 0.939795 -0.658487
v -1.351568 0.949467 -0.655865
v -1.332843 0.956547 -0.654699
v -1.305149 0.953362 -0.614797
v -1.279806 0.950841 -0.617495
v -1.261397 0.943953 -0.622062
v -1.255265 0.933284 -0.634725
v -1.262340 0.923875 -0.639185
v -1.281141 0.916986 -0.641700
v -1.306627 0.914465 -0.641594
v -1.331971 0.916986 -0.638897
v -1.350380 0.923875 -0.634329
v -1.356924 0.933284 -0.629117
v -1.349436 0.943953 -0.617206
v -1.330635 0.950841 -0.614691
v -1.303015 0.944043 -0.576115
v -1.277699 0.941636 -0.579285
v -1.259360 0.935057 -0.585139
v -1.253997 0.922750 -0.611751
v -1.261170 0.913765 -0.617970
v -1.280043 0.907187 -0.621773
v -1.305554 0.904779 -0.622138
v -1.330872 0.907187 -0.618969
v -1.349211 0.913765 -0.613114
v -1.355657 0.922750 -0.606144
v -1.347399 0.935057 -0.580282
v -1.328528 0.941636 -0.576481
v -1.300571 0.932717 -0.531790
v -1.275278 0.930464 -0.535401
v -1.257005 0.924309 -0.542458
v -1.253003 0.908684 -0.593745
v -1.260268 0.900276 -0.601610
v -1.279206 0.894120 -0.606615
v -1.304743 0.891867 -0.607421
v -1.330035 0.894120 -0.603811
v -1.348308 0.900276 -0.596753
v -1.354663 0.908684 -0.588136
v -1.345044 0.924309 -0.537602
v -1.326107 0.930464 -0.532597
v -1.298118 0.918775 -0.487316
v -1.272846 0.916715 -0.491328
v -1.254634 0.911088 -0.499488
v -1.252203 0.891626 -0.579235
v -1.259551 0.883938 -0.588604
v -1.278550 0.878311 -0.594711
v -1.304108 0.876252 -0.595921
v -1.329379 0.878311 -0.591907
v -1.347590 0.883938 -0.583748
v -1.353863 0.891626 -0.573627
v -1.342675 0.911088 -0.494632
v -1.323676 0.916715 -0.488524
v -1.315069 0.842222 -0.284379
v -1.337149 0.836428 -0.311143
v -1.355211 0.838351 -0.501874
v -1.349794 0.830437 -0.540397
v -1.330792 0.824645 -0.569426
v -1.303295 0.822524 -0.581185
v -1.274672 0.824645 -0.572522
v -1.252591 0.830437 -0.545759
v -1.242971 0.838351 -0.508066
v -1.239946 0.836428 -0.316506
v -1.258948 0.842222 -0.287475
v -1.286446 0.844342 -0.275716
v -1.356708 0.429624 -1.557793
v -1.324240 0.426213 -1.550346
v -1.299455 0.416893 -1.526473
v -1.288996 0.404161 -1.492574
v -1.295664 0.391430 -1.457728
v -1.317671 0.382110 -1.431275
v -1.349123 0.378699 -1.420302
v -1.381590 0.382110 -1.427749
v -1.406374 0.391430 -1.451621
v -1.416835 0.404161 -1.485522
v -1.410167 0.416893 -1.520367
v -1.388159 0.426213 -1.546820
v -1.353188 0.510963 -1.493988
v -1.320763 0.506561 -1.487318
v -1.296095 0.494535 -1.465569
v -1.285796 0.478106 -1.434568
v -1.292624 0.461678 -1.402624
v -1.314749 0.449651 -1.378293
v -1.346243 0.445249 -1.368097
v -1.378668 0.449651 -1.374768
v -1.403334 0.461678 -1.396517
v -1.413635 0.478106 -1.427516
v -1.406807 0.494535 -1.459462
v -1.384682 0.506561 -1.483792
v -1.345945 0.596028 -1.362677
v -1.313570 0.590711 -1.356930
v -1.289043 0.576184 -1.337697
v -1.278933 0.556339 -1.310137
v -1.285950 0.536494 -1.281631
v -1.308214 0.521967 -1.259817
v -1.339759 0.516650 -1.250543
v -1.372133 0.521967 -1.256291
v -1.396661 0.536494 -1.275524
v -1.406771 0.556339 -1.303086
v -1.399753 0.576184 -1.331591
v -1.377489 0.590711 -1.353403
v -1.338802 0.663714 -1.233183
v -1.306486 0.657572 -1.228484
v -1.282116 0.640792 -1.212122
v -1.272222 0.617871 -1.188479
v -1.279455 0.594950 -1.163892
v -1.301878 0.578170 -1.144948
v -1.333480 0.572028 -1.136723
v -1.365797 0.578170 -1.141421
v -1.390166 0.594950 -1.157784
v -1.400060 0.617871 -1.181428
v -1.392827 0.640792 -1.206015
v -1.370404 0.657572 -1.224959
v -1.331840 0.720293 -1.106981
v -1.299588 0.713431 -1.103442
v -1.275392 0.694687 -1.090250
v -1.265738 0.669081 -1.070937
v -1.273211 0.643476 -1.050681
v -1.295807 0.624731 -1.034907
v -1.327474 0.617870 -1.027843
v -1.359727 0.624731 -1.031382
v -1.383922 0.643476 -1.044574
v -1.393577 0.669081 -1.063887
v -1.386104 0.694687 -1.084143
v -1.363508 0.713431 -1.099917
v -1.325263 0.767233 -0.987760
v -1.293081 0.759771 -0.985473
v -1.269074 0.739381 -0.975698
v -1.259677 0.711530 -0.961055
v -1.267406 0.683678 -0.945468
v -1.290192 0.663289 -0.933114
v -1.321929 0.655826 -0.927300
v -1.354112 0.663289 -0.929588
v -1.378118 0.683678 -0.939361
v -1.387515 0.711530 -0.954004
v -1.379785 0.739381 -0.969591
v -1.357000 0.759771 -0.981946
v -1.319283 0.801213 -0.879341
v -1.287173 0.793276 -0.878374
v -1.263366 0.771591 -0.872207
v -1.254240 0.741969 -0.862492
v -1.262242 0.712348 -0.851834
v -1.285227 0.690663 -0.843086
v -1.317036 0.682726 -0.838593
v -1.349146 0.690663 -0.839560
v -1.372952 0.712348 -0.845727
v -1.382079 0.741969 -0.855441
v -1.374077 0.771591 -0.866100
v -1.351093 0.793276 -0.874848
v -1.313206 0.827027 -0.769176
v -1.281148 0.818835 -0.769147
v -1.257482 0.796451 -0.765542
v -1.248550 0.765875 -0.759326
v -1.256744 0.735298 -0.752166
v -1.279870 0.712915 -0.745979
v -1.311731 0.704722 -0.742423
v -1.343789 0.712915 -0.742453
v -1.367455 0.735298 -0.746059
v -1.376388 0.765875 -0.752275
v -1.368193 0.796451 -0.759435
v -1.345067 0.818835 -0.765621
v -1.306964 0.849136 -0.656008
v -1.274981 0.840674 -0.657357
v -1.251523 0.817555 -0.657517
v -1.242875 0.785974 -0.656445
v -1.251353 0.754393 -0.654429
v -1.274687 0.731273 -0.652008
v -1.306624 0.722811 -0.649832
v -1.338606 0.731273 -0.648482
v -1.362065 0.754393 -0.648322
v -1.370713 0.785974 -0.649394
v -1.362234 0.817555 -0.651410
v -1.338900 0.840674 -0.653831
v -1.300707 0.865542 -0.542580
v -1.268801 0.856956 -0.545315
v -1.245552 0.833497 -0.549261
v -1.237188 0.801451 -0.553359
v -1.245952 0.769404 -0.556513
v -1.269494 0.745945 -0.557877
v -1.301507 0.737359 -0.557086
v -1.333413 0.745945 -0.554351
v -1.356662 0.769404 -0.550406
v -1.365027 0.801451 -0.546307
v -1.356262 0.833497 -0.543153
v -1.332720 0.856956 -0.541789
v -1.294531 0.871947 -0.430625
v -1.262702 0.863383 -0.434728
v -1.239658 0.839985 -0.442414
v -1.231575 0.808023 -0.451620
v -1.240622 0.776061 -0.459884
v -1.264370 0.752663 -0.464987
v -1.296459 0.744098 -0.465565
v -1.328289 0.752663 -0.461461
v -1.351332 0.776061 -0.453776
v -1.359414 0.808023 -0.444569
v -1.350369 0.839985 -0.436307
v -1.326620 0.863383 -0.431204
v -1.288555 0.872506 -0.322282
v -1.256798 0.864111 -0.327714
v -1.233955 0.841174 -0.339029
v -1.226147 0.809843 -0.353196
v -1.235465 0.778511 -0.366416
v -1.259414 0.755575 -0.375150
v -1.291577 0.747180 -0.377058
v -1.323334 0.755575 -0.371625
v -1.346177 0.778511 -0.360309
v -1.353984 0.809843 -0.346144
v -1.344666 0.841174 -0.332923
v -1.320717 0.864111 -0.324188
v -1.282869 0.863332 -0.219201
v -1.251182 0.855249 -0.225899
v -1.228529 0.833167 -0.240673
v -1.220982 0.803003 -0.259564
v -1.230562 0.772837 -0.277510
v -1.254701 0.750755 -0.289702
v -1.286934 0.742672 -0.292875
v -1.318620 0.750755 -0.286177
v -1.341273 0.772837 -0.271403
v -1.348820 0.803003 -0.252512
v -1.339241 0.833167 -0.234565
v -1.315101 0.855249 -0.222373
v -1.277583 0.848989 -0.123375
v -1.245961 0.841357 -0.131255
v -1.223487 0.820507 -0.149257
v -1.216183 0.792024 -0.172557
v -1.226006 0.763542 -0.194913
v -1.250323 0.742692 -0.210334
v -1.282620 0.735060 -0.214687
v -1.314242 0.742692 -0.206808
v -1.336716 0.763542 -0.188806
v -1.344021 0.792024 -0.165506
v -1.334198 0.820507 -0.143150
v -1.309880 0.841357 -0.127730
vn -0.2029 -0.6059 0.7692
vn 0.0427 -0.6323 0.7735
vn 0.0431 -0.6226 0.7814
vn -0.5589 -0.5098 0.6540
vn -0.2373 -0.6140 0.7528
vn -0.9486 -0.2944 -0.1165
vn -0.7754 -0.4070 0.4829
vn -0.6989 -0.5118 -0.4996
vn -0.9584 -0.2745 -0.0788
vn -0.6057 -0.6478 -0.4621
vn -0.3031 -0.6695 -0.6782
vn -0.2548 -0.8026 -0.5394
vn -0.0390 -0.7054 -0.7078
vn 0.1940 -0.8026 -0.5641
vn -0.0300 -0.8388 -0.5435
vn 0.5512 -0.6478 -0.5259
vn 0.2267 -0.6695 -0.7074
vn 0.9300 -0.2944 -0.2201
vn 0.6397 -0.5118 -0.5735
vn 0.8238 -0.4071 0.3946
vn 0.9439 -0.2745 -0.1837
vn 0.6275 -0.5098 0.5885
vn 0.3187 -0.6139 0.7222
vn 0.2862 -0.6059 0.7422
vn 0.0430 -0.6243 0.7800
vn -0.2395 -0.6061 0.7585
vn -0.7455 -0.4310 0.5085
vn -0.7366 -0.2232 -0.6384
vn -0.9838 -0.1624 -0.0765
vn -0.3462 -0.2537 -0.9032
vn -0.0531 -0.2624 -0.9635
vn 0.2448 -0.2538 -0.9358
vn 0.6619 -0.2232 -0.7156
vn 0.7969 -0.4310 0.4234
vn 0.9694 -0.1624 -0.1843
vn 0.3214 -0.6061 0.7275
vn 0.0429 -0.6261 0.7786
vn -0.2484 -0.5997 0.7607
vn -0.7635 -0.3673 0.5311
vn -0.7590 0.1010 -0.6432
vn -0.9979 -0.0183 -0.0629
vn -0.3627 0.1185 -0.9244
vn -0.0547 0.1160 -0.9917
vn 0.2588 0.1186 -0.9586
vn 0.6837 0.1009 -0.7228
vn 0.8173 -0.3673 0.4440
vn 0.9849 -0.0183 -0.1723
vn 0.3305 -0.5997 0.7288
vn 0.0395 -0.6976 0.7154
vn -0.2421 -0.6696 0.7022
vn -0.7181 -0.4506 0.5303
vn -0.7578 0.2817 -0.5886
vn -0.9993 -0.0359 0.0103
vn -0.3560 0.3740 -0.8564
vn -0.0508 0.3860 -0.9211
vn 0.2597 0.3740 -0.8903
vn 0.6884 0.2817 -0.6684
vn 0.7721 -0.4505 0.4481
vn 0.9944 -0.0360 -0.0997
vn 0.3178 -0.6696 0.6713
vn 0.0342 -0.7834 0.6205
vn -0.2344 -0.7548 0.6127
vn -0.6581 -0.5656 0.4970
vn -0.9968 -0.0534 0.0598
vn -0.7246 0.5074 -0.4664
vn -0.3225 0.6758 -0.6628
vn 0.2477 0.6758 -0.6942
vn -0.0392 0.7028 -0.7103
vn 0.6689 0.5075 -0.5432
vn 0.9973 -0.0534 -0.0502
vn 0.7088 -0.5656 0.4216
vn 0.3004 -0.7548 0.5832
vn 0.0290 -0.8500 0.5259
vn -0.2282 -0.8215 0.5226
vn -0.6241 -0.6486 0.4357
vn -0.9980 -0.0214 0.0597
vn -0.6773 0.6423 -0.3588
vn -0.2859 0.8229 -0.4909
vn 0.2302 0.8229 -0.5194
vn -0.0288 0.8517 -0.5232
vn 0.6337 0.6423 -0.4311
vn 0.9985 -0.0214 -0.0504
vn 0.6682 -0.6486 0.3645
vn 0.2843 -0.8215 0.4943
vn 0.0239 -0.9010 0.4332
vn -0.2238 -0.8729 0.4335
vn -0.6154 -0.6965 0.3691
vn -0.9981 -0.0200 0.0577
vn -0.6606 0.6905 -0.2946
vn -0.2717 0.8738 -0.4034
vn 0.2257 0.8738 -0.4308
vn -0.0238 0.9021 -0.4309
vn 0.6242 0.6905 -0.3654
vn 0.9984 -0.0200 -0.0524
vn 0.6522 -0.6965 0.2992
vn 0.2702 -0.8729 0.4062
vn 0.0189 -0.9393 0.3427
vn -0.2214 -0.9117 0.3460
vn -0.6090 -0.7336 0.3016
vn -0.9982 -0.0185 0.0565
vn -0.6465 0.7277 -0.2291
vn -0.2596 0.9121 -0.3173
vn 0.2231 0.9121 -0.3439
vn -0.0188 0.9399 -0.3409
vn 0.6174 0.7277 -0.2988
vn 0.9984 -0.0185 -0.0536
vn 0.6385 -0.7336 0.2328
vn 0.2581 -0.9117 0.3195
vn 0.0140 -0.9671 0.2541
vn -0.2210 -0.9400 0.2600
vn -0.6053 -0.7609 0.2337
vn -0.9983 -0.0172 0.0560
vn -0.6352 0.7550 -0.1629
vn -0.2497 0.9400 -0.2325
vn 0.2227 0.9400 -0.2586
vn -0.0139 0.9674 -0.2528
vn 0.6134 0.7550 -0.2318
vn 0.9984 -0.0171 -0.0541
vn 0.6273 -0.7609 0.1657
vn 0.2482 -0.9400 0.2341
vn 0.0092 -0.9860 0.1668
vn -0.2225 -0.9591 0.1750
vn -0.6045 -0.7792 0.1655
vn -0.9983 -0.0162 0.0560
vn -0.6268 0.7732 -0.0961
vn -0.2420 0.9588 -0.1486
vn 0.2242 0.9588 -0.1744
vn -0.0092 0.9861 -0.1662
vn 0.6124 0.7732 -0.1644
vn 0.9984 -0.0162 -0.0542
vn 0.6190 -0.7792 0.0980
vn 0.2404 -0.9591 0.1495
vn 0.0044 -0.9968 0.0799
vn -0.2261 -0.9699 0.0904
vn -0.6067 -0.7890 0.0969
vn -0.9983 -0.0159 0.0563
vn -0.6215 0.7829 -0.0286
vn -0.2363 0.9695 -0.0649
vn 0.2277 0.9695 -0.0905
vn -0.0044 0.9968 -0.0799
vn 0.6146 0.7829 -0.0968
vn 0.9984 -0.0159 -0.0538
vn 0.6137 -0.7890 0.0296
vn 0.2347 -0.9699 0.0650
vn -0.2317 -0.9728 0.0053
vn -0.0004 -1.0000 -0.0076
vn -0.6119 -0.7904 0.0278
vn -0.9983 -0.0161 0.0566
vn -0.6192 0.7843 0.0396
vn -0.2326 0.9724 0.0196
vn 0.0004 1.0000 0.0070
vn 0.2333 0.9724 -0.0061
vn 0.6198 0.7843 -0.0287
vn 0.9984 -0.0161 -0.0535
vn 0.6113 -0.7904 -0.0397
vn 0.2309 -0.9728 -0.0202
vn -0.2395 -0.9675 -0.0811
vn -0.0053 -0.9953 -0.0966
vn -0.6326 -0.7732 -0.0445
vn -0.9977 -0.0203 0.0652
vn -0.6253 0.7678 0.1398
vn -0.2319 0.9617 0.1462
vn 0.0076 0.9904 0.1383
vn 0.2466 0.9617 0.1198
vn 0.6370 0.7677 0.0700
vn 0.9988 -0.0202 -0.0449
vn 0.6239 -0.7732 -0.1139
vn 0.2292 -0.9675 -0.1070
vn -0.2495 -0.9534 -0.1697
vn -0.0104 -0.9821 -0.1883
vn -0.6904 -0.7145 -0.1133
vn -0.9958 0.0009 0.0919
vn -0.6352 0.7185 0.2833
vn -0.2332 0.9128 0.3353
vn 0.0185 0.9420 0.3352
vn 0.2686 0.9128 0.3076
vn 0.6626 0.7185 0.2116
vn 0.9998 0.0010 -0.0182
vn 0.6737 -0.7145 -0.1885
vn 0.2293 -0.9534 -0.1961
vn -0.2554 -0.9417 -0.2192
vn -0.0132 -0.9707 -0.2401
vn -0.7527 -0.6442 -0.1363
vn -0.9901 0.0431 0.1337
vn -0.6467 0.6268 0.4346
vn -0.2361 0.8063 0.5423
vn 0.0305 0.8329 0.5526
vn 0.2943 0.8063 0.5130
vn 0.6906 0.6268 0.3607
vn 0.9988 0.0431 0.0240
vn 0.7331 -0.6441 -0.2183
vn 0.2297 -0.9417 -0.2460
vn -0.2576 -0.9332 -0.2506
vn -0.0151 -0.9619 -0.2731
vn -0.7861 -0.6016 -0.1417
vn -0.9805 0.0713 0.1833
vn -0.6553 0.5108 0.5565
vn -0.2394 0.6594 0.7127
vn 0.3163 0.6594 0.6820
vn 0.0404 0.6801 0.7320
vn 0.7125 0.5108 0.4810
vn 0.9947 0.0713 0.0744
vn 0.7658 -0.6016 -0.2273
vn 0.2288 -0.9332 -0.2773
vn -0.3100 -0.9054 -0.2900
vn -0.0175 -0.9481 -0.3174
vn -0.8030 -0.5776 -0.1468
vn -0.9794 0.0615 0.1922
vn -0.7409 0.3641 0.5643
vn -0.3420 0.4669 0.8155
vn 0.4296 0.4669 0.7729
vn 0.0488 0.4645 0.8843
vn 0.7985 0.3641 0.4794
vn 0.9946 0.0615 0.0833
vn 0.7820 -0.5776 -0.2342
vn 0.2763 -0.9054 -0.3223
vn 0.5413 0.3433 0.7676
vn 0.9079 0.2375 0.3455
vn -0.8644 0.2375 0.4433
vn 0.2458 -0.9071 -0.3417
vn 0.0522 0.3212 0.9456
vn 0.5849 -0.7497 -0.3096
vn -0.2819 -0.9071 -0.3126
vn -0.4536 0.3433 0.8224
vn 0.9965 -0.0796 -0.0266
vn -0.6154 -0.7497 -0.2434
vn -0.9933 -0.0796 0.0832
vn -0.0375 0.7323 -0.6799
vn 0.4645 0.5341 -0.7064
vn -0.0433 0.6178 -0.7852
vn 0.4724 0.6362 -0.6100
vn 0.8364 0.3154 -0.4482
vn 0.8430 0.3799 -0.3809
vn 0.9953 0.0292 -0.0922
vn 0.9972 0.0289 -0.0682
vn 0.9185 -0.2679 0.2908
vn 0.9022 -0.3436 0.2606
vn 0.5869 -0.5153 0.6245
vn 0.5564 -0.6405 0.5293
vn 0.0433 -0.6178 0.7852
vn -0.4947 -0.6405 0.5873
vn -0.5146 -0.5153 0.6853
vn -0.8681 -0.3435 0.3583
vn -0.8809 -0.2679 0.3901
vn -0.9987 0.0289 0.0419
vn -0.9994 0.0293 0.0178
vn -0.8798 0.3799 -0.2858
vn -0.8806 0.3154 -0.3535
vn -0.5365 0.6362 -0.5544
vn -0.5394 0.5340 -0.6511
vn -0.0279 0.8627 -0.5049
vn 0.4644 0.7538 -0.4649
vn 0.8423 0.4468 -0.3015
vn 0.9984 0.0080 -0.0567
vn 0.8753 -0.4411 0.1980
vn 0.5136 -0.7646 0.3894
vn 0.0361 -0.7558 0.6538
vn -0.4680 -0.7644 0.4435
vn -0.8483 -0.4411 0.2931
vn -0.9986 0.0084 0.0531
vn -0.8704 0.4468 -0.2070
vn -0.5124 0.7539 -0.4112
vn -0.0241 0.8996 -0.4361
vn 0.4668 0.7857 -0.4058
vn 0.8446 0.4637 -0.2675
vn 0.9984 0.0045 -0.0562
vn 0.8716 -0.4615 0.1656
vn 0.5088 -0.7937 0.3333
vn 0.0262 -0.8795 0.4752
vn -0.4695 -0.7936 0.3870
vn -0.8480 -0.4615 0.2605
vn -0.9985 0.0045 0.0539
vn -0.8690 0.4636 -0.1729
vn -0.5086 0.7858 -0.3520
vn -0.0214 0.9218 -0.3871
vn 0.4708 0.8039 -0.3634
vn 0.8474 0.4722 -0.2429
vn 0.9984 0.0031 -0.0560
vn 0.8711 -0.4699 0.1424
vn 0.5090 -0.8084 0.2957
vn 0.0227 -0.9114 0.4109
vn -0.4732 -0.8084 0.3500
vn -0.8501 -0.4701 0.2375
vn -0.9985 0.0031 0.0542
vn -0.8690 0.4722 -0.1482
vn -0.5079 0.8039 -0.3094
vn -0.0183 0.9429 -0.3325
vn 0.4731 0.8223 -0.3161
vn 0.8484 0.4834 -0.2157
vn 0.9984 0.0056 -0.0564
vn 0.8716 -0.4764 0.1158
vn 0.5092 -0.8229 0.2521
vn 0.0204 -0.9291 0.3693
vn -0.4781 -0.8230 0.3067
vn -0.8534 -0.4766 0.2111
vn -0.9985 0.0055 0.0538
vn -0.8669 0.4835 -0.1212
vn -0.5053 0.8222 -0.2620
vn -0.0145 0.9646 -0.2632
vn 0.4763 0.8412 -0.2560
vn 0.8500 0.4946 -0.1812
vn 0.9984 0.0058 -0.0564
vn 0.8698 -0.4864 0.0823
vn 0.5059 -0.8401 0.1957
vn 0.0177 -0.9471 0.3204
vn -0.4812 -0.8401 0.2502
vn -0.8555 -0.4864 0.1775
vn -0.9985 0.0057 0.0537
vn -0.8650 0.4943 -0.0864
vn -0.5016 0.8412 -0.2020
vn -0.0115 0.9778 -0.2092
vn 0.4803 0.8518 -0.2093
vn 0.8530 0.4987 -0.1540
vn 0.9984 0.0028 -0.0557
vn 0.8674 -0.4943 0.0572
vn 0.5030 -0.8507 0.1527
vn 0.0141 -0.9666 0.2557
vn -0.4832 -0.8507 0.2071
vn -0.8559 -0.4943 0.1522
vn -0.9985 0.0028 0.0544
vn -0.8650 0.4983 -0.0589
vn -0.5007 0.8516 -0.1550
vn 0.4825 0.8587 -0.1727
vn 0.8542 0.5025 -0.1334
vn 0.9984 0.0035 -0.0560
vn 0.8667 -0.4972 0.0388
vn 0.5018 -0.8562 0.1228
vn 0.0096 -0.9848 0.1732
vn 0.0114 -0.9783 0.2067
vn -0.4849 -0.8564 0.1772
vn -0.8572 -0.4972 0.1339
vn -0.9985 0.0035 0.0542
vn -0.8636 0.5027 -0.0386
vn -0.4985 0.8588 -0.1185
vn -0.0092 0.9859 -0.1668
vn 0.4863 0.8663 -0.1143
vn 0.8555 0.5080 -0.1005
vn 0.9984 0.0072 -0.0568
vn 0.8673 -0.4977 0.0070
vn 0.5016 -0.8622 0.0712
vn 0.0064 -0.9933 0.1151
vn -0.4907 -0.8622 0.1260
vn -0.8613 -0.4977 0.1024
vn -0.9986 0.0068 0.0532
vn -0.8614 0.5080 -0.0058
vn -0.4960 0.8663 -0.0602
vn -0.0054 0.9951 -0.0988
vn 0.4918 0.8690 -0.0552
vn 0.8592 0.5073 -0.0660
vn 0.9984 0.0034 -0.0557
vn 0.8641 -0.5027 -0.0238
vn 0.4970 -0.8675 0.0182
vn 0.0030 -0.9985 0.0545
vn -0.4920 -0.8676 0.0727
vn -0.8614 -0.5029 0.0713
vn -0.9985 0.0034 0.0545
vn -0.8613 0.5073 0.0289
vn -0.4949 0.8690 -0.0007
vn -0.0017 0.9995 -0.0305
vn 0.4963 0.8681 0.0081
vn 0.8610 0.5077 -0.0312
vn 0.9984 0.0076 -0.0567
vn 0.8647 -0.4990 -0.0577
vn 0.4965 -0.8673 -0.0367
vn -0.0004 -1.0000 -0.0073
vn -0.4975 -0.8673 0.0182
vn -0.8658 -0.4990 0.0377
vn -0.9985 0.0076 0.0534
vn -0.8592 0.5077 0.0637
vn -0.4924 0.8681 0.0626
vn 0.0024 0.9990 0.0438
vn 0.5028 0.8613 0.0731
vn 0.8653 0.5012 0.0068
vn 0.9985 0.0036 -0.0552
vn 0.8615 -0.4995 -0.0913
vn 0.4922 -0.8653 -0.0950
vn -0.0041 -0.9972 -0.0744
vn -0.4993 -0.8655 -0.0408
vn -0.8663 -0.4995 0.0040
vn -0.9985 0.0036 0.0549
vn -0.8593 0.5012 0.1019
vn -0.4918 0.8613 0.1279
vn 0.0066 0.9929 0.1191
vn 0.4624 0.8806 0.1034
vn 0.8248 0.5644 0.0341
vn 0.9950 0.0902 -0.0417
vn 0.8960 -0.4331 -0.0980
vn 0.5262 -0.8424 -0.1161
vn -0.0054 -0.9951 -0.0987
vn -0.5358 -0.8424 -0.0576
vn -0.9014 -0.4331 0.0012
vn -0.9936 0.0902 0.0680
vn -0.8161 0.5644 0.1246
vn -0.4482 0.8806 0.1536
vn -0.0185 -0.9419 -0.3355
vn 0.0081 0.9892 0.1462
s 1
g off
f 678//582 689//583 677//584
f 679//585 690//586 678//582
f 680//587 691//588 679//585
f 680//587 693//589 692//590
f 681//591 694//592 693//589
f 682//593 695//594 694//592
f 684//595 695//594 683//596
f 685//597 696//598 684//595
f 686//599 697//600 685//597
f 686//599 699//601 698//602
f 687//603 700//604 699//601
f 688//605 689//583 700//604
f 690//586 701//606 689//583
f 691//588 702//607 690//586
f 692//590 703//608 691//588
f 692//590 705//609 704//610
f 693//589 706//611 705//609
f 694//592 707//612 706//611
f 696//598 707//612 695//594
f 697//600 708//613 696//598
f 698//602 709//614 697//600
f 698//602 711//615 710//616
f 699//601 712//617 711//615
f 700//604 701//606 712//617
f 702//607 713//618 701//606
f 703//608 714//619 702//607
f 704//610 715//620 703//608
f 704//610 717//621 716//622
f 705//609 718//623 717//621
f 706//611 719//624 718//623
f 708//613 719//624 707//612
f 709//614 720//625 708//613
f 710//616 721//626 709//614
f 710//616 723//627 722//628
f 711//615 724//629 723//627
f 712//617 713//618 724//629
f 714//619 725//630 713//618
f 715//620 726//631 714//619
f 716//622 727//632 715//620
f 716//622 729//633 728//634
f 717//621 730//635 729//633
f 718//623 731//636 730//635
f 720//625 731//636 719//624
f 721//626 732//637 720//625
f 722//628 733//638 721//626
f 722//628 735//639 734//640
f 723//627 736//641 735//639
f 724//629 725//630 736//641
f 726//631 737//642 725//630
f 727//632 738//643 726//631
f 728//634 739//644 727//632
f 729//633 740//645 728//634
f 730//635 741//646 729//633
f 731//636 742//647 730//635
f 731//636 744//648 743//649
f 732//637 745//650 744//648
f 733//638 746//651 745//650
f 734//640 747//652 746//651
f 735//639 748//653 747//652
f 736//641 737//642 748//653
f 738//643 749//654 737//642
f 739//644 750//655 738//643
f 740//645 751//656 739//644
f 741//646 752//657 740//645
f 742//647 753//658 741//646
f 743//649 754//659 742//647
f 743//649 756//660 755//661
f 744//648 757//662 756//660
f 745//650 758//663 757//662
f 746//651 759//664 758//663
f 747//652 760//665 759//664
f 748//653 749//654 760//665
f 750//655 761//666 749//654
f 751//656 762//667 750//655
f 752//657 763//668 751//656
f 753//658 764//669 752//657
f 754//659 765//670 753//658
f 755//661 766//671 754//659
f 755//661 768//672 767//673
f 756//660 769//674 768//672
f 757//662 770//675 769//674
f 758//663 771//676 770//675
f 759//664 772//677 771//676
f 760//665 761//666 772//677
f 762//667 773//678 761//666
f 763//668 774//679 762//667
f 764//669 775//680 763//668
f 765//670 776//681 764//669
f 766//671 777//682 765//670
f 767//673 778//683 766//671
f 767//673 780//684 779//685
f 768//672 781//686 780//684
f 769//674 782//687 781//686
f 770//675 783//688 782//687
f 771//676 784//689 783//688
f 772//677 773//678 784//689
f 774//679 785//690 773//678
f 775//680 786//691 774//679
f 776//681 787//692 775//680
f 777//682 788//693 776//681
f 778//683 789//694 777//682
f 779//685 790//695 778//683
f 779//685 792//696 791//697
f 780//684 793//698 792//696
f 781//686 794//699 793//698
f 782//687 795//700 794//699
f 783//688 796//701 795//700
f 784//689 785//690 796//701
f 786//691 797//702 785//690
f 787//692 798//703 786//691
f 788//693 799//704 787//692
f 789//694 800//705 788//693
f 790//695 801//706 789//694
f 791//697 802//707 790//695
f 791//697 804//708 803//709
f 792//696 805//710 804//708
f 793//698 806//711 805//710
f 794//699 807//712 806//711
f 795//700 808//713 807//712
f 796//701 797//702 808//713
f 798//703 809//714 797//702
f 799//704 810//715 798//703
f 800//705 811//716 799//704
f 801//706 812//717 800//705
f 802//707 813//718 801//706
f 803//709 814//719 802//707
f 803//709 816//720 815//721
f 804//708 817//722 816//720
f 805//710 818//723 817//722
f 806//711 819//724 818//723
f 807//712 820//725 819//724
f 808//713 809//714 820//725
f 809//714 822//726 821//727
f 810//715 823//728 822//726
f 811//716 824//729 823//728
f 812//717 825//730 824//729
f 813//718 826//731 825//730
f 814//719 827//732 826//731
f 816//720 827//732 815//721
f 817//722 828//733 816//720
f 818//723 829//734 817//722
f 819//724 830//735 818//723
f 820//725 831//736 819//724
f 809//714 832//737 820//725
f 821//727 834//738 833//739
f 822//726 835//740 834//738
f 823//728 836//741 835//740
f 824//729 837//742 836//741
f 825//730 838//743 837//742
f 826//731 839//744 838//743
f 828//733 839//744 827//732
f 829//734 840//745 828//733
f 830//735 841//746 829//734
f 831//736 842//747 830//735
f 832//737 843//748 831//736
f 821//727 844//749 832//737
f 833//739 846//750 845//751
f 834//738 847//752 846//750
f 835//740 848//753 847//752
f 836//741 849//754 848//753
f 837//742 850//755 849//754
f 838//743 851//756 850//755
f 840//745 851//756 839//744
f 841//746 852//757 840//745
f 842//747 853//758 841//746
f 843//748 854//759 842//747
f 844//749 855//760 843//748
f 833//739 856//761 844//749
f 845//751 858//762 857//763
f 846//750 859//764 858//762
f 847//752 860//765 859//764
f 848//753 861//766 860//765
f 849//754 862//767 861//766
f 850//755 863//768 862//767
f 852//757 863//768 851//756
f 853//758 864//769 852//757
f 854//759 865//770 853//758
f 855//760 866//771 854//759
f 856//761 867//772 855//760
f 845//751 868//773 856//761
f 857//763 870//774 869//775
f 858//762 871//776 870//774
f 859//764 872//777 871//776
f 860//765 873//778 872//777
f 861//766 874//779 873//778
f 863//768 874//779 862//767
f 863//768 876//780 875//781
f 865//770 876//780 864//769
f 866//771 877//782 865//770
f 867//772 878//783 866//771
f 868//773 879//784 867//772
f 857//763 880//785 868//773
f 869//775 882//786 881//787
f 870//774 883//788 882//786
f 871//776 884//789 883//788
f 873//778 884//789 872//777
f 874//779 885//790 873//778
f 875//781 886//791 874//779
f 875//781 888//792 887//793
f 876//780 889//794 888//792
f 877//782 890//795 889//794
f 879//784 890//795 878//783
f 880//785 891//796 879//784
f 869//775 892//797 880//785
f 889//794 897//798 888//792
f 890//795 896//799 889//794
f 900//800 884//789 885//790
f 881//787 893//801 892//797
f 898//802 886//791 887//793
f 892//797 894//803 891//796
f 888//792 898//802 887//793
f 903//804 881//787 882//786
f 899//805 885//790 886//791
f 891//796 895//806 890//795
f 902//807 882//786 883//788
f 901//808 883//788 884//789
s 2
f 917//809 906//810 905//811
f 918//812 907//813 906//810
f 919//814 908//815 907//813
f 920//816 909//817 908//815
f 921//818 910//819 909//817
f 922//820 911//821 910//819
f 911//821 924//822 912//823
f 912//823 925//824 913//825
f 913//825 926//826 914//827
f 914//827 927//828 915//829
f 915//829 928//830 916//831
f 916//831 917//809 905//811
f 929//832 918//812 917//809
f 930//833 919//814 918//812
f 931//834 920//816 919//814
f 932//835 921//818 920//816
f 933//836 922//820 921//818
f 934//837 923//838 922//820
f 923//838 936//839 924//822
f 924//822 937//840 925//824
f 925//824 938//841 926//826
f 926//826 939//842 927//828
f 927//828 940//843 928//830
f 928//830 929//832 917//809
f 941//844 930//833 929//832
f 942//845 931//834 930//833
f 943//846 932//835 931//834
f 944//847 933//836 932//835
f 945//848 934//837 933//836
f 946//849 935//850 934//837
f 935//850 948//851 936//839
f 936//839 949//852 937//840
f 937//840 950//853 938//841
f 938//841 951//854 939//842
f 939//842 952//855 940//843
f 940//843 941//844 929//832
f 953//856 942//845 941//844
f 954//857 943//846 942//845
f 955//858 944//847 943//846
f 956//859 945//848 944//847
f 957//860 946//849 945//848
f 958//861 947//862 946//849
f 947//862 960//863 948//851
f 948//851 961//864 949//852
f 949//852 962//865 950//853
f 950//853 963//866 951//854
f 951//854 964//867 952//855
f 952//855 953//856 941//844
f 965//868 954//857 953//856
f 966//869 955//858 954//857
f 967//870 956//859 955//858
f 968//871 957//860 956//859
f 969//872 958//861 957//860
f 970//873 959//874 958//861
f 959//874 972//875 960//863
f 960//863 973//876 961//864
f 961//864 974//877 962//865
f 962//865 975//878 963//866
f 963//866 976//879 964//867
f 964//867 965//868 953//856
f 977//880 966//869 965//868
f 978//881 967//870 966//869
f 979//882 968//871 967//870
f 980//883 969//872 968//871
f 981//884 970//873 969//872
f 982//885 971//886 970//873
f 971//886 984//887 972//875
f 972//875 985//888 973//876
f 973//876 986//889 974//877
f 974//877 987//890 975//878
f 975//878 988//891 976//879
f 976//879 977//880 965//868
f 989//892 978//881 977//880
f 990//893 979//882 978//881
f 991//894 980//883 979//882
f 992//895 981//884 980//883
f 993//896 982//885 981//884
f 994//897 983//898 982//885
f 983//898 996//899 984//887
f 984//887 997//900 985//888
f 985//888 998//901 986//889
f 986//889 999//902 987//890
f 987//890 1000//903 988//891
f 988//891 989//892 977//880
f 989//892 1002//904 990//893
f 990//893 1003//905 991//894
f 991//894 1004//906 992//895
f 992//895 1005//907 993//896
f 993//896 1006//908 994//897
f 994//897 1007//909 995//910
f 1007//909 996//899 995//910
f 1008//911 997//900 996//899
f 1009//912 998//901 997//900
f 1010//913 999//902 998//901
f 1011//914 1000//903 999//902
f 1012//915 989//892 1000//903
f 1001//916 1014//917 1002//904
f 1002//904 1015//918 1003//905
f 1003//905 1016//919 1004//906
f 1004//906 1017//920 1005//907
f 1005//907 1018//921 1006//908
f 1006//908 1019//922 1007//909
f 1019//922 1008//911 1007//909
f 1020//923 1009//912 1008//911
f 1021//924 1010//913 1009//912
f 1022//925 1011//914 1010//913
f 1023//926 1012//915 1011//914
f 1024//927 1001//916 1012//915
f 1013//928 1026//929 1014//917
f 1014//917 1027//930 1015//918
f 1015//918 1028//931 1016//919
f 1016//919 1029//932 1017//920
f 1017//920 1030//933 1018//921
f 1018//921 1031//934 1019//922
f 1031//934 1020//923 1019//922
f 1032//935 1021//924 1020//923
f 1033//936 1022//925 1021//924
f 1034//937 1023//926 1022//925
f 1035//938 1024//927 1023//926
f 1036//939 1013//928 1024//927
f 1025//940 1038//941 1026//929
f 1026//929 1039//942 1027//930
f 1027//930 1040//943 1028//931
f 1028//931 1041//944 1029//932
f 1029//932 1042//945 1030//933
f 1030//933 1043//946 1031//934
f 1043//946 1032//935 1031//934
f 1044//947 1033//936 1032//935
f 1045//948 1034//937 1033//936
f 1046//949 1035//938 1034//937
f 1047//950 1036//939 1035//938
f 1048//951 1025//940 1036//939
f 1037//952 1050//953 1038//941
f 1038//941 1051//954 1039//942
f 1039//942 1052//955 1040//943
f 1040//943 1053//956 1041//944
f 1041//944 1054//957 1042//945
f 1042//945 1055//958 1043//946
f 1055//958 1044//947 1043//946
f 1056//959 1045//948 1044//947
f 1057//960 1046//949 1045//948
f 1058//961 1047//950 1046//949
f 1059//962 1048//951 1047//950
f 1060//963 1037//952 1048//951
f 1049//964 1062//965 1050//953
f 1050//953 1063//966 1051//954
f 1051//954 1064//967 1052//955
f 1052//955 1065//968 1053//956
f 1053//956 1066//969 1054//957
f 1054//957 1067//970 1055//958
f 1067//970 1056//959 1055//958
f 1068//971 1057//960 1056//959
f 1069//972 1058//961 1057//960
f 1070//973 1059//962 1058//961
f 1071//974 1060//963 1059//962
f 1072//975 1049//964 1060//963
s 1
f 678//582 690//586 689//583
f 679//585 691//588 690//586
f 680//587 692//590 691//588
f 680//587 681//591 693//589
f 681//591 682//593 694//592
f 682//593 683//596 695//594
f 684//595 696//598 695//594
f 685//597 697//600 696//598
f 686//599 698//602 697//600
f 686//599 687//603 699//601
f 687//603 688//605 700//604
f 688//605 677//584 689//583
f 690//586 702//607 701//606
f 691//588 703//608 702//607
f 692//590 704//610 703//608
f 692//590 693//589 705//609
f 693//589 694//592 706//611
f 694//592 695//594 707//612
f 696//598 708//613 707//612
f 697//600 709//614 708//613
f 698//602 710//616 709//614
f 698//602 699//601 711//615
f 699//601 700//604 712//617
f 700//604 689//583 701//606
f 702//607 714//619 713//618
f 703//608 715//620 714//619
f 704//610 716//622 715//620
f 704//610 705//609 717//621
f 705//609 706//611 718//623
f 706//611 707//612 719//624
f 708//613 720//625 719//624
f 709//614 721//626 720//625
f 710//616 722//628 721//626
f 710//616 711//615 723//627
f 711//615 712//617 724//629
f 712//617 701//606 713//618
f 714//619 726//631 725//630
f 715//620 727//632 726//631
f 716//622 728//634 727//632
f 716//622 717//621 729//633
f 717//621 718//623 730//635
f 718//623 719//624 731//636
f 720//625 732//637 731//636
f 721//626 733//638 732//637
f 722//628 734//640 733//638
f 722//628 723//627 735//639
f 723//627 724//629 736//641
f 724//629 713//618 725//630
f 726//631 738//643 737//642
f 727//632 739//644 738//643
f 728//634 740//645 739//644
f 729//633 741//646 740//645
f 730//635 742//647 741//646
f 731//636 743//649 742//647
f 731//636 732//637 744//648
f 732//637 733//638 745//650
f 733//638 734//640 746//651
f 734//640 735//639 747//652
f 735//639 736//641 748//653
f 736//641 725//630 737//642
f 738//643 750//655 749//654
f 739//644 751//656 750//655
f 740//645 752//657 751//656
f 741//646 753//658 752//657
f 742//647 754//659 753//658
f 743//649 755//661 754//659
f 743//649 744//648 756//660
f 744//648 745//650 757//662
f 745//650 746//651 758//663
f 746//651 747//652 759//664
f 747//652 748//653 760//665
f 748//653 737//642 749//654
f 750//655 762//667 761//666
f 751//656 763//668 762//667
f 752//657 764//669 763//668
f 753//658 765//670 764//669
f 754//659 766//671 765//670
f 755//661 767//673 766//671
f 755//661 756//660 768//672
f 756//660 757//662 769//674
f 757//662 758//663 770//675
f 758//663 759//664 771//676
f 759//664 760//665 772//677
f 760//665 749//654 761//666
f 762//667 774//679 773//678
f 763//668 775//680 774//679
f 764//669 776//681 775//680
f 765//670 777//682 776//681
f 766//671 778//683 777//682
f 767//673 779//685 778//683
f 767//673 768//672 780//684
f 768//672 769//674 781//686
f 769//674 770//675 782//687
f 770//675 771//676 783//688
f 771//676 772//677 784//689
f 772//677 761//666 773//678
f 774//679 786//691 785//690
f 775//680 787//692 786//691
f 776//681 788//693 787//692
f 777//682 789//694 788//693
f 778//683 790//695 789//694
f 779//685 791//697 790//695
f 779//685 780//684 792//696
f 780//684 781//686 793//698
f 781//686 782//687 794//699
f 782//687 783//688 795//700
f 783//688 784//689 796//701
f 784//689 773//678 785//690
f 786//691 798//703 797//702
f 787//692 799//704 798//703
f 788//693 800//705 799//704
f 789//694 801//706 800//705
f 790//695 802//707 801//706
f 791//697 803//709 802//707
f 791//697 792//696 804//708
f 792//696 793//698 805//710
f 793//698 794//699 806//711
f 794//699 795//700 807//712
f 795//700 796//701 808//713
f 796//701 785//690 797//702
f 798//703 810//715 809//714
f 799//704 811//716 810//715
f 800//705 812//717 811//716
f 801//706 813//718 812//717
f 802//707 814//719 813//718
f 803//709 815//721 814//719
f 803//709 804//708 816//720
f 804//708 805//710 817//722
f 805//710 806//711 818//723
f 806//711 807//712 819//724
f 807//712 808//713 820//725
f 808//713 797//702 809//714
f 809//714 810//715 822//726
f 810//715 811//716 823//728
f 811//716 812//717 824//729
f 812//717 813//718 825//730
f 813//718 814//719 826//731
f 814//719 815//721 827//732
f 816//720 828//733 827//732
f 817//722 829//734 828//733
f 818//723 830//735 829//734
f 819//724 831//736 830//735
f 820//725 832//737 831//736
f 809//714 821//727 832//737
f 821//727 822//726 834//738
f 822//726 823//728 835//740
f 823//728 824//729 836//741
f 824//729 825//730 837//742
f 825//730 826//731 838//743
f 826//731 827//732 839//744
f 828//733 840//745 839//744
f 829//734 841//746 840//745
f 830//735 842//747 841//746
f 831//736 843//748 842//747
f 832//737 844//749 843//748
f 821//727 833//739 844//749
f 833//739 834//738 846//750
f 834//738 835//740 847//752
f 835//740 836//741 848//753
f 836//741 837//742 849//754
f 837//742 838//743 850//755
f 838//743 839//744 851//756
f 840//745 852//757 851//756
f 841//746 853//758 852//757
f 842//747 854//759 853//758
f 843//748 855//760 854//759
f 844//749 856//761 855//760
f 833//739 845//751 856//761
f 845//751 846//750 858//762
f 846//750 847//752 859//764
f 847//752 848//753 860//765
f 848//753 849//754 861//766
f 849//754 850//755 862//767
f 850//755 851//756 863//768
f 852//757 864//769 863//768
f 853//758 865//770 864//769
f 854//759 866//771 865//770
f 855//760 867//772 866//771
f 856//761 868//773 867//772
f 845//751 857//763 868//773
f 857//763 858//762 870//774
f 858//762 859//764 871//776
f 859//764 860//765 872//777
f 860//765 861//766 873//778
f 861//766 862//767 874//779
f 863//768 875//781 874//779
f 863//768 864//769 876//780
f 865//770 877//782 876//780
f 866//771 878//783 877//782
f 867//772 879//784 878//783
f 868//773 880//785 879//784
f 857//763 869//775 880//785
f 869//775 870//774 882//786
f 870//774 871//776 883//788
f 871//776 872//777 884//789
f 873//778 885//790 884//789
f 874//779 886//791 885//790
f 875//781 887//793 886//791
f 875//781 876//780 888//792
f 876//780 877//782 889//794
f 877//782 878//783 890//795
f 879//784 891//796 890//795
f 880//785 892//797 891//796
f 869//775 881//787 892//797
f 889//794 896//799 897//798
f 890//795 895//806 896//799
f 900//800 901//808 884//789
f 881//787 904//976 893//801
f 898//802 899//805 886//791
f 892//797 893//801 894//803
f 888//792 897//798 898//802
f 903//804 904//976 881//787
f 899//805 900//800 885//790
f 891//796 894//803 895//806
f 902//807 903//804 882//786
f 901//808 902//807 883//788
s 2
f 917//809 918//812 906//810
f 918//812 919//814 907//813
f 919//814 920//816 908//815
f 920//816 921//818 909//817
f 921//818 922//820 910//819
f 922//820 923//838 911//821
f 911//821 923//838 924//822
f 912//823 924//822 925//824
f 913//825 925//824 926//826
f 914//827 926//826 927//828
f 915//829 927//828 928//830
f 916//831 928//830 917//809
f 929//832 930//833 918//812
f 930//833 931//834 919//814
f 931//834 932//835 920//816
f 932//835 933//836 921//818
f 933//836 934//837 922//820
f 934//837 935//850 923//838
f 923//838 935//850 936//839
f 924//822 936//839 937//840
f 925//824 937//840 938//841
f 926//826 938//841 939//842
f 927//828 939//842 940//843
f 928//830 940//843 929//832
f 941//844 942//845 930//833
f 942//845 943//846 931//834
f 943//846 944//847 932//835
f 944//847 945//848 933//836
f 945//848 946//849 934//837
f 946//849 947//862 935//850
f 935//850 947//862 948//851
f 936//839 948//851 949//852
f 937//840 949//852 950//853
f 938//841 950//853 951//854
f 939//842 951//854 952//855
f 940//843 952//855 941//844
f 953//856 954//857 942//845
f 954//857 955//858 943//846
f 955//858 956//859 944//847
f 956//859 957//860 945//848
f 957//860 958//861 946//849
f 958//861 959//874 947//862
f 947//862 959//874 960//863
f 948//851 960//863 961//864
f 949//852 961//864 962//865
f 950//853 962//865 963//866
f 951//854 963//866 964//867
f 952//855 964//867 953//856
f 965//868 966//869 954//857
f 966//869 967//870 955//858
f 967//870 968//871 956//859
f 968//871 969//872 957//860
f 969//872 970//873 958//861
f 970//873 971//886 959//874
f 959//874 971//886 972//875
f 960//863 972//875 973//876
f 961//864 973//876 974//877
f 962//865 974//877 975//878
f 963//866 975//878 976//879
f 964//867 976//879 965//868
f 977//880 978//881 966//869
f 978//881 979//882 967//870
f 979//882 980//883 968//871
f 980//883 981//884 969//872
f 981//884 982//885 970//873
f 982//885 983//898 971//886
f 971//886 983//898 984//887
f 972//875 984//887 985//888
f 973//876 985//888 986//889
f 974//877 986//889 987//890
f 975//878 987//890 988//891
f 976//879 988//891 977//880
f 989//892 990//893 978//881
f 990//893 991//894 979//882
f 991//894 992//895 980//883
f 992//895 993//896 981//884
f 993//896 994//897 982//885
f 994//897 995//910 983//898
f 983//898 995//910 996//899
f 984//887 996//899 997//900
f 985//888 997//900 998//901
f 986//889 998//901 999//902
f 987//890 999//902 1000//903
f 988//891 1000//903 989//892
f 989//892 1001//916 1002//904
f 990//893 1002//904 1003//905
f 991//894 1003//905 1004//906
f 992//895 1004//906 1005//907
f 993//896 1005//907 1006//908
f 994//897 1006//908 1007//909
f 1007//909 1008//911 996//899
f 1008//911 1009//912 997//900
f 1009//912 1010//913 998//901
f 1010//913 1011//914 999//902
f 1011//914 1012//915 1000//903
f 1012//915 1001//916 989//892
f 1001//916 1013//928 1014//917
f 1002//904 1014//917 1015//918
f 1003//905 1015//918 1016//919
f 1004//906 1016//919 1017//920
f 1005//907 1017//920 1018//921
f 1006//908 1018//921 1019//922
f 1019//922 1020//923 1008//911
f 1020//923 1021//924 1009//912
f 1021//924 1022//925 1010//913
f 1022//925 1023//926 1011//914
f 1023//926 1024//927 1012//915
f 1024//927 1013//928 1001//916
f 1013//928 1025//940 1026//929
f 1014//917 1026//929 1027//930
f 1015//918 1027//930 1028//931
f 1016//919 1028//931 1029//932
f 1017//920 1029//932 1030//933
f 1018//921 1030//933 1031//934
f 1031//934 1032//935 1020//923
f 1032//935 1033//936 1021//924
f 1033//936 1034//937 1022//925
f 1034//937 1035//938 1023//926
f 1035//938 1036//939 1024//927
f 1036//939 1025//940 1013//928
f 1025//940 1037//952 1038//941
f 1026//929 1038//941 1039//942
f 1027//930 1039//942 1040//943
f 1028//931 1040//943 1041//944
f 1029//932 1041//944 1042//945
f 1030//933 1042//945 1043//946
f 1043//946 1044//947 1032//935
f 1044//947 1045//948 1033//936
f 1045//948 1046//949 1034//937
f 1046//949 1047//950 1035//938
f 1047//950 1048//951 1036//939
f 1048//951 1037//952 1025//940
f 1037//952 1049//964 1050//953
f 1038//941 1050//953 1051//954
f 1039//942 1051//954 1052//955
f 1040//943 1052//955 1053//956
f 1041//944 1053//956 1054//957
f 1042//945 1054//957 1055//958
f 1055//958 1056//959 1044//947
f 1056//959 1057//960 1045//948
f 1057//960 1058//961 1046//949
f 1058//961 1059//962 1047//950
f 1059//962 1060//963 1048//951
f 1060//963 1049//964 1037//952
f 1049//964 1061//977 1062//965
f 1050//953 1062//965 1063//966
f 1051//954 1063//966 1064//967
f 1052//955 1064//967 1065//968
f 1053//956 1065//968 1066//969
f 1054//957 1066//969 1067//970
f 1067//970 1068//971 1056//959
f 1068//971 1069//972 1057//960
f 1069//972 1070//973 1058//961
f 1070//973 1071//974 1059//962
f 1071//974 1072//975 1060//963
f 1072//975 1061//977 1049//964
o Torus.026
v 1.729411 0.682424 -1.294733
v 1.759988 0.683582 -1.290722
v 1.783000 0.686747 -1.276425
v 1.800813 0.751118 -1.100966
v 1.793872 0.755440 -1.079319
v 1.772574 0.758605 -1.062578
v 1.742622 0.759763 -1.055229
v 1.712045 0.758605 -1.059240
v 1.689035 0.755440 -1.073536
v 1.679755 0.751118 -1.094288
v 1.678162 0.686747 -1.270643
v 1.699460 0.683582 -1.287383
v 1.733539 0.776709 -1.219915
v 1.761859 0.776302 -1.217228
v 1.783058 0.775187 -1.206793
v 1.795091 0.784808 -1.125507
v 1.788437 0.783286 -1.109288
v 1.768514 0.782171 -1.096584
v 1.740660 0.781763 -1.090800
v 1.712339 0.782171 -1.093485
v 1.691140 0.783286 -1.103920
v 1.682744 0.784808 -1.119310
v 1.685762 0.775187 -1.201426
v 1.705685 0.776302 -1.214130
v 1.734773 0.803498 -1.197536
v 1.760391 0.802793 -1.195243
v 1.779553 0.800869 -1.186177
v 1.789364 0.805112 -1.132128
v 1.783316 0.802485 -1.117966
v 1.765268 0.800560 -1.106846
v 1.740056 0.799856 -1.101750
v 1.714437 0.800560 -1.104042
v 1.695277 0.802485 -1.113109
v 1.687706 0.805112 -1.126520
v 1.691513 0.800869 -1.181321
v 1.709562 0.802793 -1.192440
v 1.735906 0.830709 -1.176987
v 1.761513 0.829682 -1.174896
v 1.780646 0.826875 -1.166378
v 1.789475 0.827027 -1.130147
v 1.783384 0.823193 -1.116733
v 1.765306 0.820386 -1.106162
v 1.740083 0.819358 -1.101267
v 1.714476 0.820386 -1.103358
v 1.695344 0.823193 -1.111877
v 1.687815 0.827027 -1.124538
v 1.692606 0.826875 -1.161522
v 1.710684 0.829682 -1.172093
v 1.737087 0.855790 -1.155596
v 1.762680 0.854457 -1.153765
v 1.781772 0.850817 -1.145959
v 1.789786 0.847492 -1.124515
v 1.783641 0.842517 -1.112074
v 1.765523 0.838876 -1.102215
v 1.740287 0.837543 -1.097579
v 1.714692 0.838876 -1.099411
v 1.695601 0.842517 -1.107218
v 1.688125 0.847492 -1.118909
v 1.693731 0.850817 -1.141102
v 1.711849 0.854457 -1.150960
v 1.738516 0.879000 -1.129661
v 1.764092 0.877384 -1.128146
v 1.783137 0.872970 -1.121202
v 1.790547 0.866941 -1.110692
v 1.784338 0.860912 -1.099430
v 1.766173 0.856499 -1.090433
v 1.740919 0.854883 -1.086114
v 1.715343 0.856499 -1.087629
v 1.696299 0.860912 -1.094572
v 1.688888 0.866941 -1.105084
v 1.695098 0.872970 -1.116347
v 1.713264 0.877384 -1.125342
v 1.740173 0.899939 -1.099630
v 1.765728 0.898068 -1.098480
v 1.784719 0.892958 -1.092536
v 1.792053 0.885976 -1.083390
v 1.785769 0.878996 -1.073492
v 1.767549 0.873886 -1.065495
v 1.742275 0.872015 -1.061543
v 1.716719 0.873886 -1.062692
v 1.697729 0.878996 -1.068636
v 1.690394 0.885976 -1.077782
v 1.696679 0.892958 -1.087679
v 1.714899 0.898068 -1.095677
v 1.742028 0.918250 -1.066012
v 1.767561 0.916157 -1.065272
v 1.786489 0.910437 -1.060447
v 1.793740 0.902624 -1.052830
v 1.787371 0.894811 -1.044460
v 1.769089 0.889091 -1.037582
v 1.743791 0.886998 -1.034038
v 1.718257 0.889091 -1.034778
v 1.699331 0.894811 -1.039604
v 1.692079 0.902624 -1.047222
v 1.698449 0.910437 -1.055591
v 1.716732 0.916157 -1.062470
v 1.744048 0.933621 -1.029387
v 1.769556 0.931341 -1.029093
v 1.788417 0.925109 -1.025486
v 1.795576 0.916597 -1.019533
v 1.789115 0.908085 -1.012829
v 1.770765 0.901854 -1.007169
v 1.745444 0.899574 -1.004071
v 1.719936 0.901854 -1.004367
v 1.701075 0.908085 -1.007973
v 1.693917 0.916597 -1.013925
v 1.700377 0.925109 -1.020629
v 1.718726 0.931341 -1.026289
v 1.746200 0.945788 -0.990380
v 1.771682 0.943359 -0.990561
v 1.790471 0.936723 -0.988252
v 1.797533 0.927658 -0.984072
v 1.790974 0.918593 -0.979139
v 1.772552 0.911956 -0.974779
v 1.747205 0.909527 -0.972156
v 1.721722 0.911956 -0.971976
v 1.702934 0.918593 -0.974283
v 1.695872 0.927658 -0.978464
v 1.702431 0.936723 -0.983395
v 1.720852 0.943359 -0.987757
v 1.748446 0.954542 -0.949656
v 1.773901 0.952006 -0.950334
v 1.792614 0.945078 -0.949380
v 1.799574 0.935616 -0.947051
v 1.792915 0.926153 -0.943971
v 1.774418 0.919226 -0.940965
v 1.749042 0.916690 -0.938838
v 1.723588 0.919226 -0.938160
v 1.704874 0.926153 -0.939115
v 1.697916 0.935616 -0.941444
v 1.704576 0.945078 -0.944524
v 1.723071 0.952006 -0.947531
v 1.750749 0.959734 -0.907916
v 1.776176 0.957135 -0.909101
v 1.794813 0.950035 -0.909537
v 1.801667 0.940336 -0.909105
v 1.794902 0.930637 -0.907922
v 1.776330 0.923537 -0.906304
v 1.750927 0.920939 -0.904686
v 1.725500 0.923537 -0.903501
v 1.706862 0.930637 -0.903066
v 1.700007 0.940336 -0.903497
v 1.706772 0.950035 -0.904681
v 1.725346 0.957135 -0.906297
v 1.753067 0.961275 -0.865871
v 1.778466 0.958657 -0.867569
v 1.797027 0.951506 -0.869403
v 1.803776 0.941737 -0.870883
v 1.796905 0.931968 -0.871610
v 1.778256 0.924817 -0.871392
v 1.752823 0.922200 -0.870286
v 1.727427 0.924817 -0.868588
v 1.708865 0.931968 -0.866754
v 1.702116 0.941737 -0.865274
v 1.708987 0.951506 -0.864547
v 1.727637 0.958657 -0.864765
v 1.755364 0.959139 -0.824242
v 1.780735 0.956546 -0.826446
v 1.799219 0.949467 -0.829666
v 1.805863 0.939795 -0.833037
v 1.798889 0.930123 -0.835658
v 1.780162 0.923043 -0.836825
v 1.754703 0.920451 -0.836226
v 1.729332 0.923043 -0.834022
v 1.710848 0.930123 -0.830801
v 1.704204 0.939795 -0.827430
v 1.711179 0.949467 -0.824810
v 1.729905 0.956546 -0.823643
v 1.757599 0.953362 -0.783740
v 1.782941 0.950841 -0.786437
v 1.801352 0.943953 -0.791005
v 1.807483 0.933283 -0.803669
v 1.800407 0.923874 -0.808130
v 1.781607 0.916986 -0.810645
v 1.756119 0.914465 -0.810537
v 1.730777 0.916986 -0.807841
v 1.712367 0.923874 -0.803273
v 1.705824 0.933283 -0.798060
v 1.713312 0.943953 -0.786149
v 1.732112 0.950841 -0.783634
v 1.759732 0.944043 -0.745059
v 1.785049 0.941636 -0.748228
v 1.803388 0.935057 -0.754082
v 1.808751 0.922750 -0.780695
v 1.801578 0.913765 -0.786914
v 1.782705 0.907187 -0.790717
v 1.757193 0.904779 -0.791081
v 1.731876 0.907187 -0.787913
v 1.713537 0.913765 -0.782058
v 1.707090 0.922750 -0.775087
v 1.715349 0.935057 -0.749226
v 1.734219 0.941636 -0.745425
v 1.762176 0.932717 -0.700733
v 1.787469 0.930463 -0.704343
v 1.805742 0.924308 -0.711404
v 1.809744 0.908683 -0.762688
v 1.802479 0.900276 -0.770553
v 1.783541 0.894120 -0.775560
v 1.758005 0.891867 -0.776365
v 1.732712 0.894120 -0.772755
v 1.714440 0.900276 -0.765697
v 1.708084 0.908683 -0.757081
v 1.717703 0.924308 -0.706546
v 1.736640 0.930463 -0.701540
v 1.764631 0.918775 -0.656260
v 1.789900 0.916715 -0.660271
v 1.808113 0.911088 -0.668432
v 1.810545 0.891626 -0.748178
v 1.803197 0.883937 -0.757547
v 1.784198 0.878311 -0.763655
v 1.758640 0.876252 -0.764865
v 1.733368 0.878311 -0.760850
v 1.715158 0.883937 -0.752692
v 1.708885 0.891626 -0.742571
v 1.720073 0.911088 -0.663576
v 1.739071 0.916715 -0.657469
v 1.747678 0.842222 -0.453322
v 1.725599 0.836428 -0.480088
v 1.707536 0.838351 -0.670819
v 1.712953 0.830437 -0.709340
v 1.731955 0.824645 -0.738370
v 1.759452 0.822524 -0.750128
v 1.788076 0.824645 -0.741466
v 1.810156 0.830437 -0.714702
v 1.819777 0.838351 -0.677009
v 1.822801 0.836428 -0.485448
v 1.803799 0.842222 -0.456420
v 1.776302 0.844342 -0.444660
v 1.706040 0.429624 -1.726737
v 1.738508 0.426213 -1.719290
v 1.763291 0.416893 -1.695417
v 1.773751 0.404161 -1.661517
v 1.767084 0.391429 -1.626672
v 1.745076 0.382110 -1.600219
v 1.713625 0.378699 -1.589245
v 1.681157 0.382110 -1.596692
v 1.656372 0.391429 -1.620564
v 1.645913 0.404161 -1.654465
v 1.652580 0.416893 -1.689310
v 1.674589 0.426213 -1.715764
v 1.709560 0.510962 -1.662932
v 1.741985 0.506561 -1.656262
v 1.766652 0.494535 -1.634513
v 1.776951 0.478106 -1.603511
v 1.770124 0.461678 -1.571567
v 1.747999 0.449651 -1.547238
v 1.716504 0.445249 -1.537041
v 1.684079 0.449651 -1.543711
v 1.659412 0.461678 -1.565461
v 1.649114 0.478106 -1.596460
v 1.655940 0.494535 -1.628405
v 1.678066 0.506561 -1.652735
v 1.716803 0.596028 -1.531622
v 1.749177 0.590711 -1.525873
v 1.773706 0.576184 -1.506641
v 1.783815 0.556339 -1.479081
v 1.776797 0.536494 -1.450574
v 1.754534 0.521967 -1.428761
v 1.722988 0.516650 -1.419487
v 1.690615 0.521967 -1.425235
v 1.666086 0.536494 -1.444467
v 1.655976 0.556339 -1.472028
v 1.662995 0.576184 -1.500535
v 1.685259 0.590711 -1.522347
v 1.723946 0.663714 -1.402127
v 1.756262 0.657571 -1.397428
v 1.780632 0.640792 -1.381066
v 1.790525 0.617871 -1.357423
v 1.783292 0.594950 -1.332835
v 1.760870 0.578169 -1.313892
v 1.729266 0.572028 -1.305666
v 1.696950 0.578169 -1.310365
v 1.672582 0.594950 -1.326727
v 1.662687 0.617871 -1.350371
v 1.669920 0.640792 -1.374958
v 1.692343 0.657571 -1.393902
v 1.730908 0.720293 -1.275925
v 1.763160 0.713431 -1.272386
v 1.787354 0.694687 -1.259193
v 1.797009 0.669081 -1.239882
v 1.789537 0.643476 -1.219624
v 1.766940 0.624731 -1.203850
v 1.735273 0.617870 -1.196786
v 1.703021 0.624731 -1.200325
v 1.678827 0.643476 -1.213518
v 1.669170 0.669081 -1.232830
v 1.676643 0.694687 -1.253086
v 1.699241 0.713431 -1.268861
v 1.737485 0.767233 -1.156703
v 1.769667 0.759771 -1.154416
v 1.793673 0.739380 -1.144641
v 1.803070 0.711530 -1.129999
v 1.795341 0.683678 -1.114412
v 1.772555 0.663289 -1.102056
v 1.740819 0.655826 -1.096244
v 1.708636 0.663289 -1.098531
v 1.684630 0.683678 -1.108305
v 1.675233 0.711530 -1.122948
v 1.682963 0.739380 -1.138535
v 1.705748 0.759771 -1.150891
v 1.743464 0.801213 -1.048284
v 1.775574 0.793275 -1.047317
v 1.799382 0.771591 -1.041151
v 1.808507 0.741969 -1.031436
v 1.800506 0.712348 -1.020777
v 1.777520 0.690663 -1.012029
v 1.745712 0.682726 -1.007537
v 1.713601 0.690663 -1.008504
v 1.689795 0.712348 -1.014670
v 1.680668 0.741969 -1.024384
v 1.688671 0.771591 -1.035044
v 1.711655 0.793275 -1.043792
v 1.749541 0.827027 -0.938121
v 1.781599 0.818835 -0.938091
v 1.805266 0.796451 -0.934487
v 1.814199 0.765875 -0.928270
v 1.806003 0.735298 -0.921110
v 1.782878 0.712915 -0.914923
v 1.751017 0.704722 -0.911368
v 1.718957 0.712915 -0.911397
v 1.695292 0.735298 -0.915003
v 1.686360 0.765875 -0.921218
v 1.694555 0.796451 -0.928379
v 1.717680 0.818835 -0.934565
v 1.755783 0.849136 -0.824952
v 1.787766 0.840674 -0.826301
v 1.811225 0.817555 -0.826460
v 1.819873 0.785974 -0.825388
v 1.811393 0.754393 -0.823373
v 1.788062 0.731273 -0.820952
v 1.756124 0.722811 -0.818774
v 1.724142 0.731273 -0.817426
v 1.700684 0.754393 -0.817266
v 1.692035 0.785974 -0.818337
v 1.700514 0.817555 -0.820353
v 1.723847 0.840674 -0.822774
v 1.762041 0.865542 -0.711525
v 1.793947 0.856956 -0.714259
v 1.817196 0.833497 -0.718204
v 1.825559 0.801451 -0.722302
v 1.816796 0.769404 -0.725457
v 1.793253 0.745945 -0.726820
v 1.761240 0.737359 -0.726029
v 1.729335 0.745945 -0.723295
v 1.706086 0.769404 -0.719349
v 1.697722 0.801451 -0.715251
v 1.706484 0.833497 -0.712096
v 1.730029 0.856956 -0.710733
v 1.768216 0.871947 -0.599569
v 1.800047 0.863383 -0.603672
v 1.823090 0.839985 -0.611358
v 1.831172 0.808023 -0.620564
v 1.822126 0.776061 -0.628827
v 1.798377 0.752663 -0.633931
v 1.766289 0.744098 -0.634507
v 1.734458 0.752663 -0.630405
v 1.711415 0.776061 -0.622721
v 1.703333 0.808023 -0.613512
v 1.712379 0.839985 -0.605250
v 1.736127 0.863383 -0.600146
v 1.774193 0.872506 -0.491226
v 1.805949 0.864111 -0.496658
v 1.828792 0.841174 -0.507973
v 1.836601 0.809843 -0.522139
v 1.827281 0.778511 -0.535360
v 1.803332 0.755575 -0.544094
v 1.771171 0.747180 -0.546001
v 1.739414 0.755575 -0.540568
v 1.716570 0.778511 -0.529253
v 1.708762 0.809843 -0.515087
v 1.718082 0.841174 -0.501866
v 1.742030 0.864111 -0.493132
v 1.779877 0.863331 -0.388144
v 1.811565 0.855249 -0.394843
v 1.834218 0.833167 -0.409616
v 1.841765 0.803003 -0.428508
v 1.832186 0.772837 -0.446454
v 1.808046 0.750755 -0.458646
v 1.775815 0.742672 -0.461819
v 1.744127 0.750755 -0.455121
v 1.721475 0.772837 -0.440347
v 1.713927 0.803003 -0.421455
v 1.723508 0.833167 -0.403510
v 1.747646 0.855249 -0.391317
v 1.785164 0.848989 -0.292319
v 1.816786 0.841357 -0.300200
v 1.839261 0.820507 -0.318201
v 1.846564 0.792024 -0.341501
v 1.836742 0.763542 -0.363856
v 1.812425 0.742692 -0.379278
v 1.780128 0.735060 -0.383631
v 1.748505 0.742692 -0.375752
v 1.726031 0.763542 -0.357749
v 1.718726 0.792024 -0.334450
v 1.728549 0.820507 -0.312094
v 1.752867 0.841357 -0.296673
vn -0.2028 -0.6059 0.7692
vn 0.0427 -0.6322 0.7736
vn 0.0431 -0.6226 0.7813
vn -0.5590 -0.5098 0.6540
vn -0.2372 -0.6140 0.7528
vn -0.9486 -0.2944 -0.1165
vn -0.7753 -0.4070 0.4829
vn -0.6989 -0.5118 -0.4996
vn -0.9583 -0.2745 -0.0788
vn -0.6057 -0.6478 -0.4621
vn -0.3031 -0.6695 -0.6782
vn -0.2548 -0.8026 -0.5394
vn -0.0390 -0.7054 -0.7078
vn 0.1940 -0.8026 -0.5641
vn -0.0300 -0.8389 -0.5435
vn 0.5512 -0.6478 -0.5259
vn 0.2267 -0.6695 -0.7074
vn 0.9300 -0.2944 -0.2201
vn 0.6397 -0.5118 -0.5734
vn 0.8238 -0.4070 0.3946
vn 0.9439 -0.2745 -0.1837
vn 0.6275 -0.5098 0.5885
vn 0.3186 -0.6140 0.7222
vn 0.2862 -0.6059 0.7422
vn 0.0430 -0.6243 0.7800
vn -0.2395 -0.6062 0.7584
vn -0.7455 -0.4310 0.5085
vn -0.7366 -0.2232 -0.6384
vn -0.9838 -0.1624 -0.0765
vn -0.3463 -0.2538 -0.9032
vn -0.0531 -0.2624 -0.9635
vn 0.2448 -0.2538 -0.9358
vn 0.6619 -0.2232 -0.7156
vn 0.7969 -0.4310 0.4234
vn 0.9694 -0.1624 -0.1843
vn 0.3215 -0.6062 0.7274
vn 0.0429 -0.6261 0.7786
vn -0.2484 -0.5997 0.7607
vn -0.7635 -0.3673 0.5311
vn -0.7590 0.1010 -0.6433
vn -0.9979 -0.0183 -0.0629
vn -0.3627 0.1185 -0.9244
vn -0.0547 0.1160 -0.9917
vn 0.2587 0.1186 -0.9586
vn 0.6836 0.1010 -0.7228
vn 0.8173 -0.3673 0.4439
vn 0.9849 -0.0183 -0.1723
vn 0.3305 -0.5997 0.7288
vn 0.0395 -0.6976 0.7154
vn -0.2421 -0.6696 0.7022
vn -0.7181 -0.4506 0.5303
vn -0.7578 0.2816 -0.5886
vn -0.9993 -0.0360 0.0103
vn -0.3560 0.3740 -0.8564
vn -0.0508 0.3863 -0.9210
vn 0.2597 0.3739 -0.8904
vn 0.6885 0.2816 -0.6684
vn 0.7721 -0.4505 0.4482
vn 0.9944 -0.0359 -0.0997
vn 0.3178 -0.6696 0.6713
vn 0.0342 -0.7834 0.6205
vn -0.2344 -0.7548 0.6127
vn -0.6581 -0.5656 0.4970
vn -0.9968 -0.0534 0.0598
vn -0.7246 0.5075 -0.4663
vn -0.3226 0.6758 -0.6627
vn 0.2477 0.6758 -0.6942
vn -0.0392 0.7028 -0.7103
vn 0.6689 0.5075 -0.5432
vn 0.9973 -0.0534 -0.0502
vn 0.7088 -0.5656 0.4216
vn 0.3004 -0.7548 0.5832
vn 0.0290 -0.8500 0.5259
vn -0.2282 -0.8215 0.5226
vn -0.6241 -0.6486 0.4358
vn -0.9980 -0.0214 0.0597
vn -0.6773 0.6423 -0.3588
vn -0.2859 0.8229 -0.4909
vn 0.2302 0.8229 -0.5194
vn -0.0289 0.8517 -0.5232
vn 0.6337 0.6423 -0.4311
vn 0.9985 -0.0214 -0.0504
vn 0.6682 -0.6486 0.3645
vn 0.2843 -0.8215 0.4943
vn 0.0239 -0.9010 0.4332
vn -0.2238 -0.8729 0.4335
vn -0.6154 -0.6965 0.3691
vn -0.9981 -0.0200 0.0577
vn -0.6606 0.6905 -0.2946
vn -0.2717 0.8738 -0.4034
vn 0.2257 0.8738 -0.4308
vn -0.0238 0.9021 -0.4309
vn 0.6242 0.6905 -0.3654
vn 0.9984 -0.0200 -0.0524
vn 0.6522 -0.6965 0.2992
vn 0.2702 -0.8729 0.4062
vn 0.0189 -0.9393 0.3427
vn -0.2214 -0.9117 0.3460
vn -0.6090 -0.7336 0.3016
vn -0.9982 -0.0185 0.0565
vn -0.6465 0.7277 -0.2291
vn -0.2596 0.9121 -0.3173
vn 0.2231 0.9121 -0.3439
vn -0.0188 0.9399 -0.3409
vn 0.6174 0.7277 -0.2988
vn 0.9984 -0.0185 -0.0536
vn 0.6385 -0.7336 0.2328
vn 0.2581 -0.9117 0.3195
vn 0.0140 -0.9671 0.2541
vn -0.2209 -0.9400 0.2600
vn -0.6053 -0.7609 0.2337
vn -0.9983 -0.0171 0.0560
vn -0.6352 0.7550 -0.1629
vn -0.2497 0.9400 -0.2325
vn 0.2226 0.9400 -0.2586
vn -0.0140 0.9674 -0.2529
vn 0.6134 0.7550 -0.2318
vn 0.9984 -0.0171 -0.0541
vn 0.6273 -0.7609 0.1657
vn 0.2482 -0.9400 0.2341
vn 0.0092 -0.9860 0.1668
vn -0.2225 -0.9591 0.1750
vn -0.6045 -0.7792 0.1655
vn -0.9983 -0.0163 0.0560
vn -0.6268 0.7732 -0.0961
vn -0.2420 0.9588 -0.1486
vn 0.2242 0.9588 -0.1744
vn -0.0092 0.9861 -0.1662
vn 0.6125 0.7732 -0.1644
vn 0.9984 -0.0162 -0.0541
vn 0.6190 -0.7792 0.0980
vn 0.2404 -0.9591 0.1495
vn 0.0044 -0.9968 0.0799
vn -0.2261 -0.9699 0.0904
vn -0.6067 -0.7890 0.0969
vn -0.9983 -0.0158 0.0563
vn -0.6215 0.7829 -0.0286
vn -0.2363 0.9695 -0.0649
vn 0.2277 0.9695 -0.0905
vn -0.0044 0.9968 -0.0799
vn 0.6145 0.7829 -0.0968
vn 0.9984 -0.0158 -0.0538
vn 0.6137 -0.7890 0.0296
vn 0.2346 -0.9699 0.0650
vn -0.2317 -0.9728 0.0053
vn -0.0004 -1.0000 -0.0076
vn -0.6119 -0.7904 0.0278
vn -0.9983 -0.0161 0.0566
vn -0.6191 0.7843 0.0396
vn -0.2326 0.9724 0.0196
vn 0.0004 1.0000 0.0070
vn 0.2333 0.9724 -0.0061
vn 0.6198 0.7843 -0.0287
vn 0.9984 -0.0161 -0.0535
vn 0.6112 -0.7904 -0.0397
vn 0.2309 -0.9728 -0.0202
vn -0.2395 -0.9675 -0.0811
vn -0.0053 -0.9953 -0.0966
vn -0.6327 -0.7732 -0.0445
vn -0.9977 -0.0203 0.0652
vn -0.6255 0.7677 0.1396
vn -0.2319 0.9617 0.1462
vn 0.0076 0.9904 0.1383
vn 0.2466 0.9617 0.1198
vn 0.6370 0.7677 0.0700
vn 0.9988 -0.0203 -0.0450
vn 0.6239 -0.7732 -0.1138
vn 0.2291 -0.9675 -0.1069
vn -0.2495 -0.9534 -0.1697
vn -0.0104 -0.9821 -0.1883
vn -0.6904 -0.7145 -0.1133
vn -0.9958 0.0010 0.0919
vn -0.6352 0.7185 0.2833
vn -0.2332 0.9128 0.3353
vn 0.0185 0.9420 0.3352
vn 0.2687 0.9128 0.3075
vn 0.6625 0.7185 0.2117
vn 0.9998 0.0010 -0.0182
vn 0.6737 -0.7145 -0.1885
vn 0.2293 -0.9534 -0.1961
vn -0.2556 -0.9416 -0.2191
vn -0.0132 -0.9707 -0.2401
vn -0.7527 -0.6442 -0.1363
vn -0.9901 0.0431 0.1337
vn -0.6469 0.6268 0.4343
vn -0.2362 0.8063 0.5422
vn 0.0305 0.8329 0.5526
vn 0.2944 0.8063 0.5130
vn 0.6908 0.6268 0.3604
vn 0.9988 0.0431 0.0240
vn 0.7331 -0.6442 -0.2183
vn 0.2298 -0.9417 -0.2459
vn -0.2579 -0.9332 -0.2504
vn -0.0151 -0.9619 -0.2731
vn -0.7861 -0.6016 -0.1417
vn -0.9805 0.0714 0.1833
vn -0.6553 0.5108 0.5565
vn -0.2394 0.6594 0.7127
vn 0.3163 0.6594 0.6820
vn 0.0404 0.6801 0.7320
vn 0.7125 0.5108 0.4810
vn 0.9947 0.0714 0.0744
vn 0.7658 -0.6016 -0.2274
vn 0.2288 -0.9332 -0.2773
vn -0.3100 -0.9054 -0.2900
vn -0.0175 -0.9481 -0.3175
vn -0.8030 -0.5776 -0.1468
vn -0.9794 0.0615 0.1922
vn -0.7409 0.3642 0.5643
vn -0.3420 0.4669 0.8155
vn 0.4296 0.4669 0.7729
vn 0.0488 0.4645 0.8843
vn 0.7985 0.3641 0.4794
vn 0.9946 0.0615 0.0833
vn 0.7820 -0.5776 -0.2342
vn 0.2763 -0.9054 -0.3223
vn 0.5413 0.3433 0.7676
vn 0.9079 0.2375 0.3455
vn -0.8644 0.2375 0.4432
vn 0.2458 -0.9071 -0.3417
vn 0.0522 0.3212 0.9456
vn 0.5849 -0.7497 -0.3096
vn -0.2819 -0.9071 -0.3126
vn -0.4536 0.3433 0.8224
vn 0.9965 -0.0796 -0.0266
vn -0.6154 -0.7497 -0.2434
vn -0.9933 -0.0796 0.0832
vn -0.0375 0.7321 -0.6802
vn 0.4645 0.5340 -0.7064
vn -0.0433 0.6178 -0.7852
vn 0.4723 0.6362 -0.6101
vn 0.8364 0.3154 -0.4483
vn 0.8430 0.3799 -0.3809
vn 0.9953 0.0292 -0.0922
vn 0.9973 0.0289 -0.0682
vn 0.9185 -0.2679 0.2908
vn 0.9022 -0.3436 0.2607
vn 0.5869 -0.5153 0.6245
vn 0.5564 -0.6405 0.5293
vn 0.0433 -0.6178 0.7852
vn -0.4947 -0.6405 0.5874
vn -0.5146 -0.5153 0.6853
vn -0.8681 -0.3436 0.3583
vn -0.8810 -0.2679 0.3901
vn -0.9987 0.0289 0.0419
vn -0.9994 0.0292 0.0179
vn -0.8797 0.3800 -0.2858
vn -0.8806 0.3154 -0.3535
vn -0.5365 0.6362 -0.5544
vn -0.5394 0.5341 -0.6511
vn -0.0279 0.8627 -0.5049
vn 0.4640 0.7539 -0.4652
vn 0.8423 0.4468 -0.3015
vn 0.9984 0.0081 -0.0568
vn 0.8753 -0.4411 0.1980
vn 0.5136 -0.7646 0.3894
vn 0.0361 -0.7558 0.6538
vn -0.4677 -0.7646 0.4435
vn -0.8482 -0.4411 0.2931
vn -0.9986 0.0084 0.0531
vn -0.8702 0.4468 -0.2075
vn -0.5124 0.7539 -0.4112
vn -0.0241 0.8996 -0.4361
vn 0.4665 0.7859 -0.4060
vn 0.8446 0.4637 -0.2675
vn 0.9984 0.0045 -0.0562
vn 0.8716 -0.4614 0.1655
vn 0.5092 -0.7936 0.3330
vn 0.0262 -0.8795 0.4752
vn -0.4695 -0.7936 0.3870
vn -0.8480 -0.4615 0.2605
vn -0.9985 0.0045 0.0539
vn -0.8689 0.4637 -0.1730
vn -0.5084 0.7858 -0.3521
vn -0.0213 0.9218 -0.3871
vn 0.4708 0.8039 -0.3634
vn 0.8473 0.4723 -0.2429
vn 0.9984 0.0031 -0.0560
vn 0.8711 -0.4701 0.1425
vn 0.5088 -0.8084 0.2958
vn 0.0227 -0.9114 0.4109
vn -0.4732 -0.8085 0.3500
vn -0.8502 -0.4699 0.2374
vn -0.9985 0.0031 0.0542
vn -0.8689 0.4723 -0.1483
vn -0.5079 0.8039 -0.3094
vn -0.0183 0.9429 -0.3325
vn 0.4734 0.8222 -0.3160
vn 0.8484 0.4834 -0.2157
vn 0.9984 0.0055 -0.0564
vn 0.8716 -0.4764 0.1158
vn 0.5089 -0.8230 0.2523
vn 0.0204 -0.9290 0.3696
vn -0.4783 -0.8229 0.3066
vn -0.8536 -0.4764 0.2109
vn -0.9985 0.0055 0.0538
vn -0.8669 0.4835 -0.1212
vn -0.5050 0.8223 -0.2622
vn -0.0145 0.9646 -0.2632
vn 0.4763 0.8412 -0.2560
vn 0.8502 0.4943 -0.1810
vn 0.9984 0.0061 -0.0567
vn 0.8698 -0.4864 0.0823
vn 0.5059 -0.8401 0.1957
vn 0.0177 -0.9471 0.3204
vn -0.4816 -0.8400 0.2500
vn -0.8555 -0.4864 0.1775
vn -0.9985 0.0057 0.0537
vn -0.8650 0.4943 -0.0864
vn -0.5016 0.8412 -0.2020
vn -0.0115 0.9778 -0.2092
vn 0.4806 0.8517 -0.2091
vn 0.8531 0.4985 -0.1539
vn 0.9984 0.0028 -0.0557
vn 0.8674 -0.4943 0.0572
vn 0.5030 -0.8507 0.1527
vn 0.0141 -0.9666 0.2557
vn -0.4829 -0.8508 0.2072
vn -0.8559 -0.4943 0.1522
vn -0.9985 0.0028 0.0544
vn -0.8648 0.4985 -0.0591
vn -0.5007 0.8516 -0.1550
vn 0.4827 0.8586 -0.1727
vn 0.8541 0.5026 -0.1333
vn 0.9984 0.0035 -0.0559
vn 0.8667 -0.4973 0.0388
vn 0.5017 -0.8563 0.1228
vn 0.0096 -0.9848 0.1732
vn 0.0114 -0.9783 0.2067
vn -0.4851 -0.8563 0.1772
vn -0.8572 -0.4973 0.1339
vn -0.9985 0.0035 0.0542
vn -0.8637 0.5026 -0.0386
vn -0.4988 0.8585 -0.1186
vn -0.0092 0.9859 -0.1668
vn 0.4863 0.8663 -0.1144
vn 0.8557 0.5077 -0.1007
vn 0.9984 0.0068 -0.0569
vn 0.8673 -0.4977 0.0070
vn 0.5012 -0.8624 0.0710
vn 0.0063 -0.9933 0.1151
vn -0.4907 -0.8621 0.1260
vn -0.8613 -0.4977 0.1024
vn -0.9986 0.0068 0.0532
vn -0.8615 0.5077 -0.0060
vn -0.4959 0.8663 -0.0602
vn -0.0055 0.9951 -0.0988
vn 0.4914 0.8692 -0.0550
vn 0.8593 0.5072 -0.0661
vn 0.9984 0.0034 -0.0557
vn 0.8640 -0.5029 -0.0239
vn 0.4971 -0.8675 0.0182
vn 0.0030 -0.9985 0.0545
vn -0.4920 -0.8676 0.0727
vn -0.8617 -0.5024 0.0716
vn -0.9985 0.0034 0.0545
vn -0.8613 0.5072 0.0288
vn -0.4949 0.8690 -0.0007
vn -0.0017 0.9995 -0.0305
vn 0.4963 0.8681 0.0081
vn 0.8610 0.5077 -0.0312
vn 0.9984 0.0076 -0.0567
vn 0.8646 -0.4991 -0.0577
vn 0.4963 -0.8673 -0.0370
vn -0.4975 -0.8673 0.0182
vn -0.8658 -0.4990 0.0377
vn -0.9985 0.0076 0.0534
vn -0.8592 0.5077 0.0637
vn -0.4921 0.8682 0.0629
vn 0.0024 0.9990 0.0438
vn 0.5027 0.8614 0.0733
vn 0.8653 0.5012 0.0068
vn 0.9985 0.0036 -0.0552
vn 0.8615 -0.4995 -0.0913
vn 0.4919 -0.8654 -0.0954
vn -0.0041 -0.9972 -0.0749
vn -0.4997 -0.8653 -0.0403
vn -0.8662 -0.4997 0.0036
vn -0.9985 0.0036 0.0549
vn -0.8593 0.5012 0.1019
vn -0.4917 0.8613 0.1280
vn 0.0066 0.9929 0.1191
vn 0.4624 0.8806 0.1034
vn 0.8248 0.5644 0.0341
vn 0.9950 0.0902 -0.0417
vn 0.8960 -0.4331 -0.0980
vn 0.5262 -0.8424 -0.1162
vn -0.0054 -0.9951 -0.0987
vn -0.5358 -0.8424 -0.0576
vn -0.9014 -0.4331 0.0012
vn -0.9936 0.0903 0.0680
vn -0.8161 0.5644 0.1246
vn -0.4482 0.8806 0.1536
vn -0.0185 -0.9419 -0.3355
vn 0.0081 0.9892 0.1462
s 1
g off
f 1074//978 1085//979 1073//980
f 1075//981 1086//982 1074//978
f 1076//983 1087//984 1075//981
f 1076//983 1089//985 1088//986
f 1077//987 1090//988 1089//985
f 1078//989 1091//990 1090//988
f 1080//991 1091//990 1079//992
f 1081//993 1092//994 1080//991
f 1082//995 1093//996 1081//993
f 1082//995 1095//997 1094//998
f 1083//999 1096//1000 1095//997
f 1084//1001 1085//979 1096//1000
f 1086//982 1097//1002 1085//979
f 1087//984 1098//1003 1086//982
f 1088//986 1099//1004 1087//984
f 1088//986 1101//1005 1100//1006
f 1089//985 1102//1007 1101//1005
f 1090//988 1103//1008 1102//1007
f 1092//994 1103//1008 1091//990
f 1093//996 1104//1009 1092//994
f 1094//998 1105//1010 1093//996
f 1094//998 1107//1011 1106//1012
f 1095//997 1108//1013 1107//1011
f 1096//1000 1097//1002 1108//1013
f 1098//1003 1109//1014 1097//1002
f 1099//1004 1110//1015 1098//1003
f 1100//1006 1111//1016 1099//1004
f 1100//1006 1113//1017 1112//1018
f 1101//1005 1114//1019 1113//1017
f 1102//1007 1115//1020 1114//1019
f 1104//1009 1115//1020 1103//1008
f 1105//1010 1116//1021 1104//1009
f 1106//1012 1117//1022 1105//1010
f 1106//1012 1119//1023 1118//1024
f 1107//1011 1120//1025 1119//1023
f 1108//1013 1109//1014 1120//1025
f 1110//1015 1121//1026 1109//1014
f 1111//1016 1122//1027 1110//1015
f 1112//1018 1123//1028 1111//1016
f 1112//1018 1125//1029 1124//1030
f 1113//1017 1126//1031 1125//1029
f 1114//1019 1127//1032 1126//1031
f 1116//1021 1127//1032 1115//1020
f 1117//1022 1128//1033 1116//1021
f 1118//1024 1129//1034 1117//1022
f 1118//1024 1131//1035 1130//1036
f 1119//1023 1132//1037 1131//1035
f 1120//1025 1121//1026 1132//1037
f 1122//1027 1133//1038 1121//1026
f 1123//1028 1134//1039 1122//1027
f 1124//1030 1135//1040 1123//1028
f 1125//1029 1136//1041 1124//1030
f 1126//1031 1137//1042 1125//1029
f 1127//1032 1138//1043 1126//1031
f 1127//1032 1140//1044 1139//1045
f 1128//1033 1141//1046 1140//1044
f 1129//1034 1142//1047 1141//1046
f 1130//1036 1143//1048 1142//1047
f 1131//1035 1144//1049 1143//1048
f 1132//1037 1133//1038 1144//1049
f 1134//1039 1145//1050 1133//1038
f 1135//1040 1146//1051 1134//1039
f 1136//1041 1147//1052 1135//1040
f 1137//1042 1148//1053 1136//1041
f 1138//1043 1149//1054 1137//1042
f 1139//1045 1150//1055 1138//1043
f 1139//1045 1152//1056 1151//1057
f 1140//1044 1153//1058 1152//1056
f 1141//1046 1154//1059 1153//1058
f 1142//1047 1155//1060 1154//1059
f 1143//1048 1156//1061 1155//1060
f 1144//1049 1145//1050 1156//1061
f 1146//1051 1157//1062 1145//1050
f 1147//1052 1158//1063 1146//1051
f 1148//1053 1159//1064 1147//1052
f 1149//1054 1160//1065 1148//1053
f 1150//1055 1161//1066 1149//1054
f 1151//1057 1162//1067 1150//1055
f 1151//1057 1164//1068 1163//1069
f 1152//1056 1165//1070 1164//1068
f 1153//1058 1166//1071 1165//1070
f 1154//1059 1167//1072 1166//1071
f 1155//1060 1168//1073 1167//1072
f 1156//1061 1157//1062 1168//1073
f 1158//1063 1169//1074 1157//1062
f 1159//1064 1170//1075 1158//1063
f 1160//1065 1171//1076 1159//1064
f 1161//1066 1172//1077 1160//1065
f 1162//1067 1173//1078 1161//1066
f 1163//1069 1174//1079 1162//1067
f 1163//1069 1176//1080 1175//1081
f 1164//1068 1177//1082 1176//1080
f 1165//1070 1178//1083 1177//1082
f 1166//1071 1179//1084 1178//1083
f 1167//1072 1180//1085 1179//1084
f 1168//1073 1169//1074 1180//1085
f 1170//1075 1181//1086 1169//1074
f 1171//1076 1182//1087 1170//1075
f 1172//1077 1183//1088 1171//1076
f 1173//1078 1184//1089 1172//1077
f 1174//1079 1185//1090 1173//1078
f 1175//1081 1186//1091 1174//1079
f 1175//1081 1188//1092 1187//1093
f 1176//1080 1189//1094 1188//1092
f 1177//1082 1190//1095 1189//1094
f 1178//1083 1191//1096 1190//1095
f 1179//1084 1192//1097 1191//1096
f 1180//1085 1181//1086 1192//1097
f 1182//1087 1193//1098 1181//1086
f 1183//1088 1194//1099 1182//1087
f 1184//1089 1195//1100 1183//1088
f 1185//1090 1196//1101 1184//1089
f 1186//1091 1197//1102 1185//1090
f 1187//1093 1198//1103 1186//1091
f 1187//1093 1200//1104 1199//1105
f 1188//1092 1201//1106 1200//1104
f 1189//1094 1202//1107 1201//1106
f 1190//1095 1203//1108 1202//1107
f 1191//1096 1204//1109 1203//1108
f 1192//1097 1193//1098 1204//1109
f 1194//1099 1205//1110 1193//1098
f 1195//1100 1206//1111 1194//1099
f 1196//1101 1207//1112 1195//1100
f 1197//1102 1208//1113 1196//1101
f 1198//1103 1209//1114 1197//1102
f 1199//1105 1210//1115 1198//1103
f 1199//1105 1212//1116 1211//1117
f 1200//1104 1213//1118 1212//1116
f 1201//1106 1214//1119 1213//1118
f 1202//1107 1215//1120 1214//1119
f 1203//1108 1216//1121 1215//1120
f 1204//1109 1205//1110 1216//1121
f 1205//1110 1218//1122 1217//1123
f 1206//1111 1219//1124 1218//1122
f 1207//1112 1220//1125 1219//1124
f 1208//1113 1221//1126 1220//1125
f 1209//1114 1222//1127 1221//1126
f 1210//1115 1223//1128 1222//1127
f 1212//1116 1223//1128 1211//1117
f 1213//1118 1224//1129 1212//1116
f 1214//1119 1225//1130 1213//1118
f 1215//1120 1226//1131 1214//1119
f 1216//1121 1227//1132 1215//1120
f 1205//1110 1228//1133 1216//1121
f 1217//1123 1230//1134 1229//1135
f 1218//1122 1231//1136 1230//1134
f 1219//1124 1232//1137 1231//1136
f 1220//1125 1233//1138 1232//1137
f 1221//1126 1234//1139 1233//1138
f 1222//1127 1235//1140 1234//1139
f 1224//1129 1235//1140 1223//1128
f 1225//1130 1236//1141 1224//1129
f 1226//1131 1237//1142 1225//1130
f 1227//1132 1238//1143 1226//1131
f 1228//1133 1239//1144 1227//1132
f 1217//1123 1240//1145 1228//1133
f 1229//1135 1242//1146 1241//1147
f 1230//1134 1243//1148 1242//1146
f 1231//1136 1244//1149 1243//1148
f 1232//1137 1245//1150 1244//1149
f 1233//1138 1246//1151 1245//1150
f 1234//1139 1247//1152 1246//1151
f 1236//1141 1247//1152 1235//1140
f 1237//1142 1248//1153 1236//1141
f 1238//1143 1249//1154 1237//1142
f 1239//1144 1250//1155 1238//1143
f 1240//1145 1251//1156 1239//1144
f 1229//1135 1252//1157 1240//1145
f 1241//1147 1254//1158 1253//1159
f 1242//1146 1255//1160 1254//1158
f 1243//1148 1256//1161 1255//1160
f 1244//1149 1257//1162 1256//1161
f 1245//1150 1258//1163 1257//1162
f 1246//1151 1259//1164 1258//1163
f 1248//1153 1259//1164 1247//1152
f 1249//1154 1260//1165 1248//1153
f 1250//1155 1261//1166 1249//1154
f 1251//1156 1262//1167 1250//1155
f 1252//1157 1263//1168 1251//1156
f 1241//1147 1264//1169 1252//1157
f 1253//1159 1266//1170 1265//1171
f 1254//1158 1267//1172 1266//1170
f 1255//1160 1268//1173 1267//1172
f 1256//1161 1269//1174 1268//1173
f 1257//1162 1270//1175 1269//1174
f 1259//1164 1270//1175 1258//1163
f 1259//1164 1272//1176 1271//1177
f 1261//1166 1272//1176 1260//1165
f 1262//1167 1273//1178 1261//1166
f 1263//1168 1274//1179 1262//1167
f 1264//1169 1275//1180 1263//1168
f 1253//1159 1276//1181 1264//1169
f 1265//1171 1278//1182 1277//1183
f 1266//1170 1279//1184 1278//1182
f 1267//1172 1280//1185 1279//1184
f 1269//1174 1280//1185 1268//1173
f 1270//1175 1281//1186 1269//1174
f 1271//1177 1282//1187 1270//1175
f 1271//1177 1284//1188 1283//1189
f 1272//1176 1285//1190 1284//1188
f 1273//1178 1286//1191 1285//1190
f 1275//1180 1286//1191 1274//1179
f 1276//1181 1287//1192 1275//1180
f 1265//1171 1288//1193 1276//1181
f 1285//1190 1293//1194 1284//1188
f 1286//1191 1292//1195 1285//1190
f 1296//1196 1280//1185 1281//1186
f 1277//1183 1289//1197 1288//1193
f 1294//1198 1282//1187 1283//1189
f 1288//1193 1290//1199 1287//1192
f 1284//1188 1294//1198 1283//1189
f 1299//1200 1277//1183 1278//1182
f 1295//1201 1281//1186 1282//1187
f 1287//1192 1291//1202 1286//1191
f 1298//1203 1278//1182 1279//1184
f 1297//1204 1279//1184 1280//1185
s 2
f 1313//1205 1302//1206 1301//1207
f 1314//1208 1303//1209 1302//1206
f 1315//1210 1304//1211 1303//1209
f 1316//1212 1305//1213 1304//1211
f 1317//1214 1306//1215 1305//1213
f 1318//1216 1307//1217 1306//1215
f 1307//1217 1320//1218 1308//1219
f 1308//1219 1321//1220 1309//1221
f 1309//1221 1322//1222 1310//1223
f 1310//1223 1323//1224 1311//1225
f 1311//1225 1324//1226 1312//1227
f 1312//1227 1313//1205 1301//1207
f 1325//1228 1314//1208 1313//1205
f 1326//1229 1315//1210 1314//1208
f 1327//1230 1316//1212 1315//1210
f 1328//1231 1317//1214 1316//1212
f 1329//1232 1318//1216 1317//1214
f 1330//1233 1319//1234 1318//1216
f 1319//1234 1332//1235 1320//1218
f 1320//1218 1333//1236 1321//1220
f 1321//1220 1334//1237 1322//1222
f 1322//1222 1335//1238 1323//1224
f 1323//1224 1336//1239 1324//1226
f 1324//1226 1325//1228 1313//1205
f 1337//1240 1326//1229 1325//1228
f 1338//1241 1327//1230 1326//1229
f 1339//1242 1328//1231 1327//1230
f 1340//1243 1329//1232 1328//1231
f 1341//1244 1330//1233 1329//1232
f 1342//1245 1331//1246 1330//1233
f 1331//1246 1344//1247 1332//1235
f 1332//1235 1345//1248 1333//1236
f 1333//1236 1346//1249 1334//1237
f 1334//1237 1347//1250 1335//1238
f 1335//1238 1348//1251 1336//1239
f 1336//1239 1337//1240 1325//1228
f 1349//1252 1338//1241 1337//1240
f 1350//1253 1339//1242 1338//1241
f 1351//1254 1340//1243 1339//1242
f 1352//1255 1341//1244 1340//1243
f 1353//1256 1342//1245 1341//1244
f 1354//1257 1343//1258 1342//1245
f 1343//1258 1356//1259 1344//1247
f 1344//1247 1357//1260 1345//1248
f 1345//1248 1358//1261 1346//1249
f 1346//1249 1359//1262 1347//1250
f 1347//1250 1360//1263 1348//1251
f 1348//1251 1349//1252 1337//1240
f 1361//1264 1350//1253 1349//1252
f 1362//1265 1351//1254 1350//1253
f 1363//1266 1352//1255 1351//1254
f 1364//1267 1353//1256 1352//1255
f 1365//1268 1354//1257 1353//1256
f 1366//1269 1355//1270 1354//1257
f 1355//1270 1368//1271 1356//1259
f 1356//1259 1369//1272 1357//1260
f 1357//1260 1370//1273 1358//1261
f 1358//1261 1371//1274 1359//1262
f 1359//1262 1372//1275 1360//1263
f 1360//1263 1361//1264 1349//1252
f 1373//1276 1362//1265 1361//1264
f 1374//1277 1363//1266 1362//1265
f 1375//1278 1364//1267 1363//1266
f 1376//1279 1365//1268 1364//1267
f 1377//1280 1366//1269 1365//1268
f 1378//1281 1367//1282 1366//1269
f 1367//1282 1380//1283 1368//1271
f 1368//1271 1381//1284 1369//1272
f 1369//1272 1382//1285 1370//1273
f 1370//1273 1383//1286 1371//1274
f 1371//1274 1384//1287 1372//1275
f 1372//1275 1373//1276 1361//1264
f 1385//1288 1374//1277 1373//1276
f 1386//1289 1375//1278 1374//1277
f 1387//1290 1376//1279 1375//1278
f 1388//1291 1377//1280 1376//1279
f 1389//1292 1378//1281 1377//1280
f 1390//1293 1379//1294 1378//1281
f 1379//1294 1392//1295 1380//1283
f 1380//1283 1393//1296 1381//1284
f 1381//1284 1394//1297 1382//1285
f 1382//1285 1395//1298 1383//1286
f 1383//1286 1396//1299 1384//1287
f 1384//1287 1385//1288 1373//1276
f 1385//1288 1398//1300 1386//1289
f 1386//1289 1399//1301 1387//1290
f 1387//1290 1400//1302 1388//1291
f 1388//1291 1401//1303 1389//1292
f 1389//1292 1402//1304 1390//1293
f 1390//1293 1403//1305 1391//1306
f 1403//1305 1392//1295 1391//1306
f 1404//1307 1393//1296 1392//1295
f 1405//1308 1394//1297 1393//1296
f 1406//1309 1395//1298 1394//1297
f 1407//1310 1396//1299 1395//1298
f 1408//1311 1385//1288 1396//1299
f 1397//1312 1410//1313 1398//1300
f 1398//1300 1411//1314 1399//1301
f 1399//1301 1412//1315 1400//1302
f 1400//1302 1413//1316 1401//1303
f 1401//1303 1414//1317 1402//1304
f 1402//1304 1415//1318 1403//1305
f 1415//1318 1404//1307 1403//1305
f 1416//1319 1405//1308 1404//1307
f 1417//1320 1406//1309 1405//1308
f 1418//1321 1407//1310 1406//1309
f 1419//1322 1408//1311 1407//1310
f 1420//1323 1397//1312 1408//1311
f 1409//1324 1422//1325 1410//1313
f 1410//1313 1423//1326 1411//1314
f 1411//1314 1424//1327 1412//1315
f 1412//1315 1425//1328 1413//1316
f 1413//1316 1426//1329 1414//1317
f 1414//1317 1427//1330 1415//1318
f 1427//1330 1416//1319 1415//1318
f 1428//1331 1417//1320 1416//1319
f 1429//1332 1418//1321 1417//1320
f 1430//1333 1419//1322 1418//1321
f 1431//1334 1420//1323 1419//1322
f 1432//1335 1409//1324 1420//1323
f 1421//1336 1434//1337 1422//1325
f 1422//1325 1435//1338 1423//1326
f 1423//1326 1436//1339 1424//1327
f 1424//1327 1437//1340 1425//1328
f 1425//1328 1438//1341 1426//1329
f 1426//1329 1439//1123 1427//1330
f 1439//1123 1428//1331 1427//1330
f 1440//1342 1429//1332 1428//1331
f 1441//1343 1430//1333 1429//1332
f 1442//1344 1431//1334 1430//1333
f 1443//1345 1432//1335 1431//1334
f 1444//1346 1421//1336 1432//1335
f 1433//1347 1446//1348 1434//1337
f 1434//1337 1447//1349 1435//1338
f 1435//1338 1448//1350 1436//1339
f 1436//1339 1449//1351 1437//1340
f 1437//1340 1450//1352 1438//1341
f 1438//1341 1451//1353 1439//1123
f 1451//1353 1440//1342 1439//1123
f 1452//1354 1441//1343 1440//1342
f 1453//1355 1442//1344 1441//1343
f 1454//1356 1443//1345 1442//1344
f 1455//1357 1444//1346 1443//1345
f 1456//1358 1433//1347 1444//1346
f 1445//1359 1458//1360 1446//1348
f 1446//1348 1459//1361 1447//1349
f 1447//1349 1460//1362 1448//1350
f 1448//1350 1461//1363 1449//1351
f 1449//1351 1462//1364 1450//1352
f 1450//1352 1463//1365 1451//1353
f 1463//1365 1452//1354 1451//1353
f 1464//1366 1453//1355 1452//1354
f 1465//1367 1454//1356 1453//1355
f 1466//1368 1455//1357 1454//1356
f 1467//1369 1456//1358 1455//1357
f 1468//1370 1445//1359 1456//1358
s 1
f 1074//978 1086//982 1085//979
f 1075//981 1087//984 1086//982
f 1076//983 1088//986 1087//984
f 1076//983 1077//987 1089//985
f 1077//987 1078//989 1090//988
f 1078//989 1079//992 1091//990
f 1080//991 1092//994 1091//990
f 1081//993 1093//996 1092//994
f 1082//995 1094//998 1093//996
f 1082//995 1083//999 1095//997
f 1083//999 1084//1001 1096//1000
f 1084//1001 1073//980 1085//979
f 1086//982 1098//1003 1097//1002
f 1087//984 1099//1004 1098//1003
f 1088//986 1100//1006 1099//1004
f 1088//986 1089//985 1101//1005
f 1089//985 1090//988 1102//1007
f 1090//988 1091//990 1103//1008
f 1092//994 1104//1009 1103//1008
f 1093//996 1105//1010 1104//1009
f 1094//998 1106//1012 1105//1010
f 1094//998 1095//997 1107//1011
f 1095//997 1096//1000 1108//1013
f 1096//1000 1085//979 1097//1002
f 1098//1003 1110//1015 1109//1014
f 1099//1004 1111//1016 1110//1015
f 1100//1006 1112//1018 1111//1016
f 1100//1006 1101//1005 1113//1017
f 1101//1005 1102//1007 1114//1019
f 1102//1007 1103//1008 1115//1020
f 1104//1009 1116//1021 1115//1020
f 1105//1010 1117//1022 1116//1021
f 1106//1012 1118//1024 1117//1022
f 1106//1012 1107//1011 1119//1023
f 1107//1011 1108//1013 1120//1025
f 1108//1013 1097//1002 1109//1014
f 1110//1015 1122//1027 1121//1026
f 1111//1016 1123//1028 1122//1027
f 1112//1018 1124//1030 1123//1028
f 1112//1018 1113//1017 1125//1029
f 1113//1017 1114//1019 1126//1031
f 1114//1019 1115//1020 1127//1032
f 1116//1021 1128//1033 1127//1032
f 1117//1022 1129//1034 1128//1033
f 1118//1024 1130//1036 1129//1034
f 1118//1024 1119//1023 1131//1035
f 1119//1023 1120//1025 1132//1037
f 1120//1025 1109//1014 1121//1026
f 1122//1027 1134//1039 1133//1038
f 1123//1028 1135//1040 1134//1039
f 1124//1030 1136//1041 1135//1040
f 1125//1029 1137//1042 1136//1041
f 1126//1031 1138//1043 1137//1042
f 1127//1032 1139//1045 1138//1043
f 1127//1032 1128//1033 1140//1044
f 1128//1033 1129//1034 1141//1046
f 1129//1034 1130//1036 1142//1047
f 1130//1036 1131//1035 1143//1048
f 1131//1035 1132//1037 1144//1049
f 1132//1037 1121//1026 1133//1038
f 1134//1039 1146//1051 1145//1050
f 1135//1040 1147//1052 1146//1051
f 1136//1041 1148//1053 1147//1052
f 1137//1042 1149//1054 1148//1053
f 1138//1043 1150//1055 1149//1054
f 1139//1045 1151//1057 1150//1055
f 1139//1045 1140//1044 1152//1056
f 1140//1044 1141//1046 1153//1058
f 1141//1046 1142//1047 1154//1059
f 1142//1047 1143//1048 1155//1060
f 1143//1048 1144//1049 1156//1061
f 1144//1049 1133//1038 1145//1050
f 1146//1051 1158//1063 1157//1062
f 1147//1052 1159//1064 1158//1063
f 1148//1053 1160//1065 1159//1064
f 1149//1054 1161//1066 1160//1065
f 1150//1055 1162//1067 1161//1066
f 1151//1057 1163//1069 1162//1067
f 1151//1057 1152//1056 1164//1068
f 1152//1056 1153//1058 1165//1070
f 1153//1058 1154//1059 1166//1071
f 1154//1059 1155//1060 1167//1072
f 1155//1060 1156//1061 1168//1073
f 1156//1061 1145//1050 1157//1062
f 1158//1063 1170//1075 1169//1074
f 1159//1064 1171//1076 1170//1075
f 1160//1065 1172//1077 1171//1076
f 1161//1066 1173//1078 1172//1077
f 1162//1067 1174//1079 1173//1078
f 1163//1069 1175//1081 1174//1079
f 1163//1069 1164//1068 1176//1080
f 1164//1068 1165//1070 1177//1082
f 1165//1070 1166//1071 1178//1083
f 1166//1071 1167//1072 1179//1084
f 1167//1072 1168//1073 1180//1085
f 1168//1073 1157//1062 1169//1074
f 1170//1075 1182//1087 1181//1086
f 1171//1076 1183//1088 1182//1087
f 1172//1077 1184//1089 1183//1088
f 1173//1078 1185//1090 1184//1089
f 1174//1079 1186//1091 1185//1090
f 1175//1081 1187//1093 1186//1091
f 1175//1081 1176//1080 1188//1092
f 1176//1080 1177//1082 1189//1094
f 1177//1082 1178//1083 1190//1095
f 1178//1083 1179//1084 1191//1096
f 1179//1084 1180//1085 1192//1097
f 1180//1085 1169//1074 1181//1086
f 1182//1087 1194//1099 1193//1098
f 1183//1088 1195//1100 1194//1099
f 1184//1089 1196//1101 1195//1100
f 1185//1090 1197//1102 1196//1101
f 1186//1091 1198//1103 1197//1102
f 1187//1093 1199//1105 1198//1103
f 1187//1093 1188//1092 1200//1104
f 1188//1092 1189//1094 1201//1106
f 1189//1094 1190//1095 1202//1107
f 1190//1095 1191//1096 1203//1108
f 1191//1096 1192//1097 1204//1109
f 1192//1097 1181//1086 1193//1098
f 1194//1099 1206//1111 1205//1110
f 1195//1100 1207//1112 1206//1111
f 1196//1101 1208//1113 1207//1112
f 1197//1102 1209//1114 1208//1113
f 1198//1103 1210//1115 1209//1114
f 1199//1105 1211//1117 1210//1115
f 1199//1105 1200//1104 1212//1116
f 1200//1104 1201//1106 1213//1118
f 1201//1106 1202//1107 1214//1119
f 1202//1107 1203//1108 1215//1120
f 1203//1108 1204//1109 1216//1121
f 1204//1109 1193//1098 1205//1110
f 1205//1110 1206//1111 1218//1122
f 1206//1111 1207//1112 1219//1124
f 1207//1112 1208//1113 1220//1125
f 1208//1113 1209//1114 1221//1126
f 1209//1114 1210//1115 1222//1127
f 1210//1115 1211//1117 1223//1128
f 1212//1116 1224//1129 1223//1128
f 1213//1118 1225//1130 1224//1129
f 1214//1119 1226//1131 1225//1130
f 1215//1120 1227//1132 1226//1131
f 1216//1121 1228//1133 1227//1132
f 1205//1110 1217//1123 1228//1133
f 1217//1123 1218//1122 1230//1134
f 1218//1122 1219//1124 1231//1136
f 1219//1124 1220//1125 1232//1137
f 1220//1125 1221//1126 1233//1138
f 1221//1126 1222//1127 1234//1139
f 1222//1127 1223//1128 1235//1140
f 1224//1129 1236//1141 1235//1140
f 1225//1130 1237//1142 1236//1141
f 1226//1131 1238//1143 1237//1142
f 1227//1132 1239//1144 1238//1143
f 1228//1133 1240//1145 1239//1144
f 1217//1123 1229//1135 1240//1145
f 1229//1135 1230//1134 1242//1146
f 1230//1134 1231//1136 1243//1148
f 1231//1136 1232//1137 1244//1149
f 1232//1137 1233//1138 1245//1150
f 1233//1138 1234//1139 1246//1151
f 1234//1139 1235//1140 1247//1152
f 1236//1141 1248//1153 1247//1152
f 1237//1142 1249//1154 1248//1153
f 1238//1143 1250//1155 1249//1154
f 1239//1144 1251//1156 1250//1155
f 1240//1145 1252//1157 1251//1156
f 1229//1135 1241//1147 1252//1157
f 1241//1147 1242//1146 1254//1158
f 1242//1146 1243//1148 1255//1160
f 1243//1148 1244//1149 1256//1161
f 1244//1149 1245//1150 1257//1162
f 1245//1150 1246//1151 1258//1163
f 1246//1151 1247//1152 1259//1164
f 1248//1153 1260//1165 1259//1164
f 1249//1154 1261//1166 1260//1165
f 1250//1155 1262//1167 1261//1166
f 1251//1156 1263//1168 1262//1167
f 1252//1157 1264//1169 1263//1168
f 1241//1147 1253//1159 1264//1169
f 1253//1159 1254//1158 1266//1170
f 1254//1158 1255//1160 1267//1172
f 1255//1160 1256//1161 1268//1173
f 1256//1161 1257//1162 1269//1174
f 1257//1162 1258//1163 1270//1175
f 1259//1164 1271//1177 1270//1175
f 1259//1164 1260//1165 1272//1176
f 1261//1166 1273//1178 1272//1176
f 1262//1167 1274//1179 1273//1178
f 1263//1168 1275//1180 1274//1179
f 1264//1169 1276//1181 1275//1180
f 1253//1159 1265//1171 1276//1181
f 1265//1171 1266//1170 1278//1182
f 1266//1170 1267//1172 1279//1184
f 1267//1172 1268//1173 1280//1185
f 1269//1174 1281//1186 1280//1185
f 1270//1175 1282//1187 1281//1186
f 1271//1177 1283//1189 1282//1187
f 1271//1177 1272//1176 1284//1188
f 1272//1176 1273//1178 1285//1190
f 1273//1178 1274//1179 1286//1191
f 1275//1180 1287//1192 1286//1191
f 1276//1181 1288//1193 1287//1192
f 1265//1171 1277//1183 1288//1193
f 1285//1190 1292//1195 1293//1194
f 1286//1191 1291//1202 1292//1195
f 1296//1196 1297//1204 1280//1185
f 1277//1183 1300//1371 1289//1197
f 1294//1198 1295//1201 1282//1187
f 1288//1193 1289//1197 1290//1199
f 1284//1188 1293//1194 1294//1198
f 1299//1200 1300//1371 1277//1183
f 1295//1201 1296//1196 1281//1186
f 1287//1192 1290//1199 1291//1202
f 1298//1203 1299//1200 1278//1182
f 1297//1204 1298//1203 1279//1184
s 2
f 1313//1205 1314//1208 1302//1206
f 1314//1208 1315//1210 1303//1209
f 1315//1210 1316//1212 1304//1211
f 1316//1212 1317//1214 1305//1213
f 1317//1214 1318//1216 1306//1215
f 1318//1216 1319//1234 1307//1217
f 1307//1217 1319//1234 1320//1218
f 1308//1219 1320//1218 1321//1220
f 1309//1221 1321//1220 1322//1222
f 1310//1223 1322//1222 1323//1224
f 1311//1225 1323//1224 1324//1226
f 1312//1227 1324//1226 1313//1205
f 1325//1228 1326//1229 1314//1208
f 1326//1229 1327//1230 1315//1210
f 1327//1230 1328//1231 1316//1212
f 1328//1231 1329//1232 1317//1214
f 1329//1232 1330//1233 1318//1216
f 1330//1233 1331//1246 1319//1234
f 1319//1234 1331//1246 1332//1235
f 1320//1218 1332//1235 1333//1236
f 1321//1220 1333//1236 1334//1237
f 1322//1222 1334//1237 1335//1238
f 1323//1224 1335//1238 1336//1239
f 1324//1226 1336//1239 1325//1228
f 1337//1240 1338//1241 1326//1229
f 1338//1241 1339//1242 1327//1230
f 1339//1242 1340//1243 1328//1231
f 1340//1243 1341//1244 1329//1232
f 1341//1244 1342//1245 1330//1233
f 1342//1245 1343//1258 1331//1246
f 1331//1246 1343//1258 1344//1247
f 1332//1235 1344//1247 1345//1248
f 1333//1236 1345//1248 1346//1249
f 1334//1237 1346//1249 1347//1250
f 1335//1238 1347//1250 1348//1251
f 1336//1239 1348//1251 1337//1240
f 1349//1252 1350//1253 1338//1241
f 1350//1253 1351//1254 1339//1242
f 1351//1254 1352//1255 1340//1243
f 1352//1255 1353//1256 1341//1244
f 1353//1256 1354//1257 1342//1245
f 1354//1257 1355//1270 1343//1258
f 1343//1258 1355//1270 1356//1259
f 1344//1247 1356//1259 1357//1260
f 1345//1248 1357//1260 1358//1261
f 1346//1249 1358//1261 1359//1262
f 1347//1250 1359//1262 1360//1263
f 1348//1251 1360//1263 1349//1252
f 1361//1264 1362//1265 1350//1253
f 1362//1265 1363//1266 1351//1254
f 1363//1266 1364//1267 1352//1255
f 1364//1267 1365//1268 1353//1256
f 1365//1268 1366//1269 1354//1257
f 1366//1269 1367//1282 1355//1270
f 1355//1270 1367//1282 1368//1271
f 1356//1259 1368//1271 1369//1272
f 1357//1260 1369//1272 1370//1273
f 1358//1261 1370//1273 1371//1274
f 1359//1262 1371//1274 1372//1275
f 1360//1263 1372//1275 1361//1264
f 1373//1276 1374//1277 1362//1265
f 1374//1277 1375//1278 1363//1266
f 1375//1278 1376//1279 1364//1267
f 1376//1279 1377//1280 1365//1268
f 1377//1280 1378//1281 1366//1269
f 1378//1281 1379//1294 1367//1282
f 1367//1282 1379//1294 1380//1283
f 1368//1271 1380//1283 1381//1284
f 1369//1272 1381//1284 1382//1285
f 1370//1273 1382//1285 1383//1286
f 1371//1274 1383//1286 1384//1287
f 1372//1275 1384//1287 1373//1276
f 1385//1288 1386//1289 1374//1277
f 1386//1289 1387//1290 1375//1278
f 1387//1290 1388//1291 1376//1279
f 1388//1291 1389//1292 1377//1280
f 1389//1292 1390//1293 1378//1281
f 1390//1293 1391//1306 1379//1294
f 1379//1294 1391//1306 1392//1295
f 1380//1283 1392//1295 1393//1296
f 1381//1284 1393//1296 1394//1297
f 1382//1285 1394//1297 1395//1298
f 1383//1286 1395//1298 1396//1299
f 1384//1287 1396//1299 1385//1288
f 1385//1288 1397//1312 1398//1300
f 1386//1289 1398//1300 1399//1301
f 1387//1290 1399//1301 1400//1302
f 1388//1291 1400//1302 1401//1303
f 1389//1292 1401//1303 1402//1304
f 1390//1293 1402//1304 1403//1305
f 1403//1305 1404//1307 1392//1295
f 1404//1307 1405//1308 1393//1296
f 1405//1308 1406//1309 1394//1297
f 1406//1309 1407//1310 1395//1298
f 1407//1310 1408//1311 1396//1299
f 1408//1311 1397//1312 1385//1288
f 1397//1312 1409//1324 1410//1313
f 1398//1300 1410//1313 1411//1314
f 1399//1301 1411//1314 1412//1315
f 1400//1302 1412//1315 1413//1316
f 1401//1303 1413//1316 1414//1317
f 1402//1304 1414//1317 1415//1318
f 1415//1318 1416//1319 1404//1307
f 1416//1319 1417//1320 1405//1308
f 1417//1320 1418//1321 1406//1309
f 1418//1321 1419//1322 1407//1310
f 1419//1322 1420//1323 1408//1311
f 1420//1323 1409//1324 1397//1312
f 1409//1324 1421//1336 1422//1325
f 1410//1313 1422//1325 1423//1326
f 1411//1314 1423//1326 1424//1327
f 1412//1315 1424//1327 1425//1328
f 1413//1316 1425//1328 1426//1329
f 1414//1317 1426//1329 1427//1330
f 1427//1330 1428//1331 1416//1319
f 1428//1331 1429//1332 1417//1320
f 1429//1332 1430//1333 1418//1321
f 1430//1333 1431//1334 1419//1322
f 1431//1334 1432//1335 1420//1323
f 1432//1335 1421//1336 1409//1324
f 1421//1336 1433//1347 1434//1337
f 1422//1325 1434//1337 1435//1338
f 1423//1326 1435//1338 1436//1339
f 1424//1327 1436//1339 1437//1340
f 1425//1328 1437//1340 1438//1341
f 1426//1329 1438//1341 1439//1123
f 1439//1123 1440//1342 1428//1331
f 1440//1342 1441//1343 1429//1332
f 1441//1343 1442//1344 1430//1333
f 1442//1344 1443//1345 1431//1334
f 1443//1345 1444//1346 1432//1335
f 1444//1346 1433//1347 1421//1336
f 1433//1347 1445//1359 1446//1348
f 1434//1337 1446//1348 1447//1349
f 1435//1338 1447//1349 1448//1350
f 1436//1339 1448//1350 1449//1351
f 1437//1340 1449//1351 1450//1352
f 1438//1341 1450//1352 1451//1353
f 1451//1353 1452//1354 1440//1342
f 1452//1354 1453//1355 1441//1343
f 1453//1355 1454//1356 1442//1344
f 1454//1356 1455//1357 1443//1345
f 1455//1357 1456//1358 1444//1346
f 1456//1358 1445//1359 1433//1347
f 1445//1359 1457//1372 1458//1360
f 1446//1348 1458//1360 1459//1361
f 1447//1349 1459//1361 1460//1362
f 1448//1350 1460//1362 1461//1363
f 1449//1351 1461//1363 1462//1364
f 1450//1352 1462//1364 1463//1365
f 1463//1365 1464//1366 1452//1354
f 1464//1366 1465//1367 1453//1355
f 1465//1367 1466//1368 1454//1356
f 1466//1368 1467//1369 1455//1357
f 1467//1369 1468//1370 1456//1358
f 1468//1370 1457//1372 1445//1359
